county_fips,State,County,retained_tracts,original_mean_model_score,without_flag_mean_model_score,observed_lila_pct,input_tracts,retained_coverage_fraction
01001,Alabama,Autauga County,12,0.3344356937255662,0.4326818963033528,41.66666666666667,12,1.0
01003,Alabama,Baldwin County,31,0.19625355629551774,0.43654475155335,12.903225806451612,31,1.0
01005,Alabama,Barbour County,9,0.7344174911220775,0.7765987239012122,44.44444444444444,9,1.0
01007,Alabama,Bibb County,4,0.24105885013155035,0.5545995213099768,0.0,4,1.0
01009,Alabama,Blount County,9,0.30727396519688277,0.5657356478820121,0.0,9,1.0
01011,Alabama,Bullock County,3,0.5771761087105992,0.7919665806993503,66.66666666666666,3,1.0
01013,Alabama,Butler County,9,0.6275371332092928,0.6554365325479552,33.33333333333333,9,1.0
01015,Alabama,Calhoun County,28,0.4482287859408986,0.6960353079150836,42.857142857142854,30,0.9333333333333333
01017,Alabama,Chambers County,9,0.3610121983727083,0.6635285681327681,33.33333333333333,9,1.0
01019,Alabama,Cherokee County,6,0.29846480688407623,0.6903871789143712,0.0,6,1.0
01021,Alabama,Chilton County,9,0.5847418194335028,0.6342020784059594,11.11111111111111,9,1.0
01023,Alabama,Choctaw County,4,0.6296277063655359,0.7421091573286245,50.0,4,1.0
01025,Alabama,Clarke County,9,0.7065070106522844,0.7017371199905196,55.55555555555556,9,1.0
01027,Alabama,Clay County,4,0.42170729074129976,0.7149346735796989,0.0,4,1.0
01029,Alabama,Cleburne County,4,0.4261320797134034,0.6551294532344801,0.0,4,1.0
01031,Alabama,Coffee County,14,0.33150647574501374,0.5139457928140099,14.285714285714285,14,1.0
01033,Alabama,Colbert County,14,0.29391176490128756,0.5973061731604988,14.285714285714285,14,1.0
01035,Alabama,Conecuh County,5,0.6599231840242898,0.7685652721876801,60.0,5,1.0
01037,Alabama,Coosa County,3,0.5778004124507732,0.7251838906293292,33.33333333333333,3,1.0
01039,Alabama,Covington County,14,0.45787340635207524,0.6002989771795401,21.428571428571427,14,1.0
01041,Alabama,Crenshaw County,6,0.38789544391587844,0.5855340223680757,33.33333333333333,6,1.0
01043,Alabama,Cullman County,18,0.2329766947905256,0.6351426330626867,5.555555555555555,18,1.0
01045,Alabama,Dale County,14,0.23816537540496968,0.6007177209407075,7.142857142857142,14,1.0
01047,Alabama,Dallas County,15,0.6515381188356232,0.7695005444314668,26.666666666666668,15,1.0
01049,Alabama,DeKalb County,14,0.6170754160112446,0.7170845794503771,0.0,14,1.0
01051,Alabama,Elmore County,15,0.22720067150562973,0.4617119577945972,6.666666666666667,15,1.0
01053,Alabama,Escambia County,9,0.6903640422108155,0.7892215761700165,33.33333333333333,9,1.0
01055,Alabama,Etowah County,30,0.4049472483555514,0.6375542569209746,30.0,30,1.0
01057,Alabama,Fayette County,5,0.4979576695318498,0.6887045886020525,0.0,5,1.0
01059,Alabama,Franklin County,9,0.6347526158704588,0.6703958150927364,22.22222222222222,9,1.0
01061,Alabama,Geneva County,6,0.4534355061109532,0.7117028209722668,16.666666666666664,6,1.0
01063,Alabama,Greene County,3,0.8615751169951481,0.9222071272262419,66.66666666666666,3,1.0
01065,Alabama,Hale County,6,0.658239885704581,0.7081249436055268,33.33333333333333,6,1.0
01067,Alabama,Henry County,6,0.0001203006824550452,0.6253757495080322,0.0,6,1.0
01069,Alabama,Houston County,22,0.3376960619013565,0.6545651824196205,13.636363636363635,22,1.0
01071,Alabama,Jackson County,11,0.7160225767772236,0.7261708105987918,27.27272727272727,11,1.0
01073,Alabama,Jefferson County,162,0.43231657313265276,0.5377043774505303,33.33333333333333,163,0.9938650306748467
01075,Alabama,Lamar County,3,0.6011017111343399,0.7303417554592485,0.0,3,1.0
01077,Alabama,Lauderdale County,21,0.3282019033340689,0.5469128857107435,14.285714285714285,22,0.9545454545454546
01079,Alabama,Lawrence County,9,0.463288229433338,0.6064159932180195,22.22222222222222,9,1.0
01081,Alabama,Lee County,25,0.49562698078632955,0.5551752043838923,40.0,27,0.9259259259259259
01083,Alabama,Limestone County,16,0.41138100039634523,0.49610699396090857,18.75,16,1.0
01085,Alabama,Lowndes County,4,0.8255823798266656,0.8156434523733187,50.0,4,1.0
01087,Alabama,Macon County,11,0.620366026061923,0.6662323350915386,54.54545454545454,12,0.9166666666666666
01089,Alabama,Madison County,73,0.36578431464846284,0.4309681849476714,23.28767123287671,73,1.0
01091,Alabama,Marengo County,6,0.693045955074351,0.6903458061335402,66.66666666666666,6,1.0
01093,Alabama,Marion County,8,0.6461121234336547,0.7177173017848943,0.0,8,1.0
01095,Alabama,Marshall County,18,0.5271730968421953,0.6468177636712606,33.33333333333333,18,1.0
01097,Alabama,Mobile County,112,0.43785632512865913,0.6276482608796341,18.75,114,0.9824561403508771
01099,Alabama,Monroe County,7,0.8142471267217097,0.7853998330827869,42.857142857142854,7,1.0
01101,Alabama,Montgomery County,65,0.48286631333363783,0.571860016849094,27.692307692307693,65,1.0
01103,Alabama,Morgan County,27,0.18558970369803973,0.5152636769268489,11.11111111111111,27,1.0
01105,Alabama,Perry County,3,0.8683751787355541,0.9299864492125353,100.0,3,1.0
01107,Alabama,Pickens County,5,0.6753414608009036,0.6691919874164967,0.0,5,1.0
01109,Alabama,Pike County,8,0.5365262766770306,0.6763165904261529,12.5,8,1.0
01111,Alabama,Randolph County,6,0.4121242955586575,0.6660793448533565,33.33333333333333,6,1.0
01113,Alabama,Russell County,13,0.44351991043530814,0.6812579988645067,15.384615384615385,13,1.0
01115,Alabama,St. Clair County,13,0.41810998310054254,0.5835474992431674,0.0,13,1.0
01117,Alabama,Shelby County,47,0.11977166105845465,0.23542619743699456,2.127659574468085,48,0.9791666666666666
01119,Alabama,Sumter County,4,0.8353794639727763,0.7885521466614531,25.0,4,1.0
01121,Alabama,Talladega County,22,0.48332343249536686,0.6682000104216695,22.727272727272727,22,1.0
01123,Alabama,Tallapoosa County,10,0.5083523425844025,0.6610232279063281,10.0,10,1.0
01125,Alabama,Tuscaloosa County,46,0.3692723257906566,0.514807565218196,6.521739130434782,47,0.9787234042553191
01127,Alabama,Walker County,18,0.7021131483907141,0.6379868229567525,11.11111111111111,18,1.0
01129,Alabama,Washington County,5,0.35087263028431315,0.6671106358474592,20.0,5,1.0
01131,Alabama,Wilcox County,4,0.8185992206825223,0.8229541399795659,75.0,4,1.0
01133,Alabama,Winston County,7,0.47737084871977553,0.6491961348717761,14.285714285714285,7,1.0
02013,Alaska,Aleutians East Borough,1,9.720125765716531e-06,0.13102002486245057,0.0,1,1.0
02016,Alaska,Aleutians West Census Area,2,0.2678409148349481,0.20205503939801772,50.0,2,1.0
02020,Alaska,Anchorage Municipality,55,0.189918649837252,0.16612375142480568,9.090909090909092,55,1.0
02050,Alaska,Bethel Census Area,3,0.1440910830021022,0.17272980885171552,66.66666666666666,3,1.0
02060,Alaska,Bristol Bay Borough,1,2.8851123864293122e-05,0.06513936121068205,0.0,1,1.0
02068,Alaska,Denali Borough,1,4.8202392598684096e-05,0.07779617356880801,0.0,1,1.0
02070,Alaska,Dillingham Census Area,2,0.147124185956624,0.24664584286932745,50.0,2,1.0
02090,Alaska,Fairbanks North Star Borough,19,0.18760990703866334,0.19678856304657566,10.526315789473683,19,1.0
02100,Alaska,Haines Borough,1,5.241847129184048e-05,0.22102813458078194,0.0,1,1.0
02105,Alaska,Hoonah-Angoon Census Area,2,0.30279264029680786,0.3147462601555355,50.0,2,1.0
02110,Alaska,Juneau City and Borough,6,4.814756027236497e-05,0.0438851816446037,0.0,6,1.0
02122,Alaska,Kenai Peninsula Borough,13,0.15497063128436453,0.23693416964057049,23.076923076923077,13,1.0
02130,Alaska,Ketchikan Gateway Borough,4,0.12549702236328017,0.1491850931260607,0.0,4,1.0
02150,Alaska,Kodiak Island Borough,5,2.85853159355736e-05,0.116502130116615,0.0,5,1.0
02164,Alaska,Lake and Peninsula Borough,1,0.4697295598749495,0.4150316640989518,100.0,1,1.0
02170,Alaska,Matanuska-Susitna Borough,24,0.273455279626436,0.21697563541500642,29.166666666666668,24,1.0
02180,Alaska,Nome Census Area,2,0.008561043375690395,0.05548355733619241,50.0,2,1.0
02185,Alaska,North Slope Borough,2,0.12621969792431584,0.07436878943785596,50.0,3,0.6666666666666666
02188,Alaska,Northwest Arctic Borough,2,0.04974041030677681,0.09691430313462704,50.0,2,1.0
02195,Alaska,Petersburg Borough,1,3.9062485620720163e-05,0.15452987480290242,0.0,1,1.0
02198,Alaska,Prince of Wales-Hyder Census Area,3,0.41214473567349263,0.3379518875953345,33.33333333333333,4,0.75
02220,Alaska,Sitka City and Borough,2,2.950630116211221e-05,0.07599649087153203,0.0,2,1.0
02230,Alaska,Skagway Municipality,1,3.426557127351868e-05,0.13472949500819784,0.0,1,1.0
02240,Alaska,Southeast Fairbanks Census Area,2,0.3374272022218339,0.2975521286636529,50.0,2,1.0
02261,Alaska,Valdez-Cordova Census Area,3,4.651819260928274e-05,0.11701523928931229,0.0,3,1.0
02275,Alaska,Wrangell City and Borough,1,0.6195589102473475,0.22337502843842613,100.0,1,1.0
02282,Alaska,Yakutat City and Borough,1,3.094406467178842e-05,0.19948123923478317,0.0,1,1.0
02290,Alaska,Yukon-Koyukuk Census Area,4,0.4542055326656812,0.43971982855721437,100.0,4,1.0
04001,Arizona,Apache County,16,0.5240142930612132,0.7078008428739709,62.5,16,1.0
04003,Arizona,Cochise County,32,0.5318382426999467,0.5953926737426306,46.875,32,1.0
04005,Arizona,Coconino County,28,0.3027650710198103,0.38607679539713724,28.57142857142857,28,1.0
04007,Arizona,Gila County,16,0.579910253022261,0.6852072383204871,37.5,16,1.0
04009,Arizona,Graham County,9,0.3277952766598838,0.505613119756657,22.22222222222222,9,1.0
04011,Arizona,Greenlee County,3,0.23071368810254855,0.41026946104950707,0.0,3,1.0
04012,Arizona,La Paz County,7,0.5759846907148709,0.6597359218833052,57.14285714285714,8,0.875
04013,Arizona,Maricopa County,903,0.23577260748068735,0.35082645315949057,10.631229235880399,913,0.9890470974808324
04015,Arizona,Mohave County,43,0.5235384519901696,0.6681517782630965,46.51162790697674,43,1.0
04017,Arizona,Navajo County,31,0.5076342463612796,0.6627772994852557,61.29032258064516,31,1.0
04019,Arizona,Pima County,240,0.27621137389293615,0.42621827631943904,12.083333333333334,241,0.995850622406639
04021,Arizona,Pinal County,75,0.3426064145143382,0.5055747609045808,25.333333333333336,75,1.0
04023,Arizona,Santa Cruz County,10,0.5907404004780082,0.7516700427452986,40.0,10,1.0
04025,Arizona,Yavapai County,42,0.2844198972081467,0.5475484916025779,26.190476190476193,42,1.0
04027,Arizona,Yuma County,52,0.528111013038935,0.6095992796348981,25.0,53,0.9811320754716981
05001,Arkansas,Arkansas County,8,0.19064025767776474,0.5498820937487545,25.0,8,1.0
05003,Arkansas,Ashley County,7,0.3669345900967485,0.6340147854522584,28.57142857142857,7,1.0
05005,Arkansas,Baxter County,9,0.19963857303236665,0.7034098619135931,0.0,9,1.0
05007,Arkansas,Benton County,49,0.1197283496914631,0.32503910471253716,8.16326530612245,49,1.0
05009,Arkansas,Boone County,7,0.3611389298170931,0.7250598782413482,28.57142857142857,7,1.0
05011,Arkansas,Bradley County,5,0.6073260119277858,0.6179507490521025,20.0,5,1.0
05013,Arkansas,Calhoun County,2,8.659180037404818e-05,0.5378511856922861,0.0,2,1.0
05015,Arkansas,Carroll County,5,0.00017745326749152532,0.6004117240277126,0.0,5,1.0
05017,Arkansas,Chicot County,4,0.7958238161938833,0.7568798829055994,50.0,4,1.0
05019,Arkansas,Clark County,5,0.510953573187088,0.628177534387804,20.0,5,1.0
05021,Arkansas,Clay County,6,0.5318723482213898,0.6990329053287391,16.666666666666664,6,1.0
05023,Arkansas,Cleburne County,7,0.12390576691794251,0.6190334769213047,0.0,7,1.0
05025,Arkansas,Cleveland County,2,0.43465429176007486,0.6826882317551604,50.0,2,1.0
05027,Arkansas,Columbia County,5,0.7329824627504309,0.7732385276599899,60.0,5,1.0
05029,Arkansas,Conway County,6,0.28487871398735076,0.5953586884854175,33.33333333333333,6,1.0
05031,Arkansas,Craighead County,17,0.32680829105811704,0.6078587673393134,17.647058823529413,17,1.0
05033,Arkansas,Crawford County,11,0.15124547784809636,0.6307932875232392,18.181818181818183,11,1.0
05035,Arkansas,Crittenden County,20,0.5431205142230329,0.6382342531936898,25.0,20,1.0
05037,Arkansas,Cross County,6,0.2668849007583937,0.5975258693615491,33.33333333333333,6,1.0
05039,Arkansas,Dallas County,3,0.2907705104627129,0.6340727837545189,33.33333333333333,3,1.0
05041,Arkansas,Desha County,5,0.6069549615249497,0.7678915346319062,60.0,5,1.0
05043,Arkansas,Drew County,5,0.5139872288075443,0.5951170655358371,20.0,5,1.0
05045,Arkansas,Faulkner County,25,0.2581143651489245,0.45900135192723873,16.0,25,1.0
05047,Arkansas,Franklin County,3,0.6057027371839683,0.7453384667272452,33.33333333333333,3,1.0
05049,Arkansas,Fulton County,2,0.9465404322182067,0.8601548213967005,50.0,2,1.0
05051,Arkansas,Garland County,20,0.4268356366182694,0.6527547268403493,25.0,20,1.0
05053,Arkansas,Grant County,4,0.00016961240845795,0.5377411926412166,0.0,4,1.0
05055,Arkansas,Greene County,9,0.1973511270428452,0.6074940568770255,0.0,9,1.0
05057,Arkansas,Hempstead County,5,0.33878408033635476,0.6936830042100274,40.0,5,1.0
05059,Arkansas,Hot Spring County,7,0.25001494589443574,0.6922752401049934,28.57142857142857,7,1.0
05061,Arkansas,Howard County,3,0.26875619543264956,0.693898639323589,33.33333333333333,3,1.0
05063,Arkansas,Independence County,8,0.2192870292327111,0.6104481937353469,25.0,8,1.0
05065,Arkansas,Izard County,4,0.2231949085210709,0.6716591434355621,0.0,4,1.0
05067,Arkansas,Jackson County,5,0.5337297279082984,0.7622691457071052,60.0,5,1.0
05069,Arkansas,Jefferson County,23,0.5948507273982948,0.7221734299087457,34.78260869565217,24,0.9583333333333334
05071,Arkansas,Johnson County,6,0.6944635360037,0.7522194290356395,66.66666666666666,6,1.0
05073,Arkansas,Lafayette County,2,0.8589008599966218,0.757446755519574,50.0,2,1.0
05075,Arkansas,Lawrence County,6,0.266025489526832,0.6650541396625805,33.33333333333333,6,1.0
05077,Arkansas,Lee County,4,0.5906138247190597,0.746164774845703,50.0,4,1.0
05079,Arkansas,Lincoln County,4,0.22230338387194137,0.5989531277173727,25.0,4,1.0
05081,Arkansas,Little River County,4,9.614953446737212e-05,0.5385465960350584,0.0,4,1.0
05083,Arkansas,Logan County,6,0.4276903641945609,0.7276873069848655,33.33333333333333,6,1.0
05085,Arkansas,Lonoke County,16,0.15595504908170643,0.4613823646557444,6.25,16,1.0
05087,Arkansas,Madison County,4,0.6164854073308791,0.6111282151959415,50.0,4,1.0
05089,Arkansas,Marion County,4,0.6582772231217549,0.7540379970103183,25.0,4,1.0
05091,Arkansas,Miller County,10,0.39567788699652984,0.6445737058660064,20.0,12,0.8333333333333334
05093,Arkansas,Mississippi County,12,0.5664740895402917,0.7450596283960916,25.0,12,1.0
05095,Arkansas,Monroe County,3,0.5259181807483039,0.6841025421242742,33.33333333333333,3,1.0
05097,Arkansas,Montgomery County,3,0.5490801988204197,0.7140767134701941,66.66666666666666,3,1.0
05099,Arkansas,Nevada County,3,0.8378549467620933,0.7990760417918766,100.0,3,1.0
05101,Arkansas,Newton County,2,0.00016031741271559395,0.6484682650718512,0.0,2,1.0
05103,Arkansas,Ouachita County,6,0.5796097223895397,0.7312298972636838,66.66666666666666,6,1.0
05105,Arkansas,Perry County,3,0.5800525593813107,0.5873492640124149,0.0,3,1.0
05107,Arkansas,Phillips County,6,0.6697499172425297,0.8246669501411671,50.0,6,1.0
05109,Arkansas,Pike County,3,0.5740982611058829,0.6518396926470902,33.33333333333333,3,1.0
05111,Arkansas,Poinsett County,7,0.49590379812329827,0.7502828274780482,14.285714285714285,7,1.0
05113,Arkansas,Polk County,6,0.6799897254597306,0.7288710312026844,50.0,6,1.0
05115,Arkansas,Pope County,11,0.3965442809590396,0.6308708941764367,36.36363636363637,11,1.0
05117,Arkansas,Prairie County,3,0.260574426919137,0.6222057345419542,0.0,3,1.0
05119,Arkansas,Pulaski County,94,0.3382568555961628,0.4924362469180752,31.914893617021278,95,0.9894736842105263
05121,Arkansas,Randolph County,4,0.6536653524602604,0.7491575562691635,25.0,4,1.0
05123,Arkansas,St. Francis County,6,0.7139106986209768,0.8024729041588005,50.0,6,1.0
05125,Arkansas,Saline County,21,0.00021147217971906508,0.345162578485142,0.0,21,1.0
05127,Arkansas,Scott County,3,0.5324550124227811,0.7599067659322113,66.66666666666666,3,1.0
05129,Arkansas,Searcy County,3,0.5406694648365132,0.709816009927677,33.33333333333333,3,1.0
05131,Arkansas,Sebastian County,26,0.33614080821839415,0.5765230036100848,19.230769230769234,26,1.0
05133,Arkansas,Sevier County,4,0.18919397457468676,0.5973975605102234,25.0,4,1.0
05135,Arkansas,Sharp County,4,0.6585196132928091,0.831560460400251,25.0,4,1.0
05137,Arkansas,Stone County,3,0.5775762286703169,0.764494923044639,33.33333333333333,3,1.0
05139,Arkansas,Union County,10,0.4283663213347852,0.6656203882750448,40.0,10,1.0
05141,Arkansas,Van Buren County,5,0.5023818491475522,0.7121959708034893,40.0,5,1.0
05143,Arkansas,Washington County,31,0.26008247606646945,0.42768526966685155,19.35483870967742,32,0.96875
05145,Arkansas,White County,13,0.2694246977303013,0.5992750461583155,7.6923076923076925,13,1.0
05147,Arkansas,Woodruff County,2,0.8445722630251246,0.7471869149223525,0.0,2,1.0
05149,Arkansas,Yell County,6,0.5367979343553585,0.6748529815583882,50.0,6,1.0
06001,California,Alameda County,356,0.18455018483728738,0.13517654103237467,3.089887640449438,360,0.9888888888888889
06003,California,Alpine County,1,4.400230388798036e-05,0.19727107010574907,0.0,1,1.0
06005,California,Amador County,9,0.08535520177406658,0.3130912386397613,0.0,9,1.0
06007,California,Butte County,50,0.4895762604703186,0.46087176535156865,28.000000000000004,51,0.9803921568627451
06009,California,Calaveras County,9,0.2044369012849448,0.3738160673796166,0.0,10,0.9
06011,California,Colusa County,5,0.27915596179610624,0.3882143435294605,20.0,5,1.0
06013,California,Contra Costa County,207,0.24058759660458276,0.14876317403561545,7.246376811594203,207,1.0
06015,California,Del Norte County,7,0.3982530249437647,0.6077989756013683,28.57142857142857,7,1.0
06017,California,El Dorado County,42,0.10585151177589214,0.179759999047208,4.761904761904762,42,1.0
06019,California,Fresno County,197,0.3940508457693206,0.500017245956943,13.19796954314721,199,0.9899497487437185
06021,California,Glenn County,6,0.5069412102782983,0.48954589142357346,33.33333333333333,6,1.0
06023,California,Humboldt County,30,0.4770356398737257,0.49175220586003887,23.333333333333332,30,1.0
06025,California,Imperial County,30,0.521957185718345,0.5532687820624397,30.0,31,0.967741935483871
06027,California,Inyo County,6,0.118177430095881,0.2820678970510362,16.666666666666664,6,1.0
06029,California,Kern County,146,0.45528765760492174,0.5118201843415934,18.493150684931507,151,0.9668874172185431
06031,California,Kings County,25,0.476209631058703,0.5009818315279302,20.0,27,0.9259259259259259
06033,California,Lake County,15,0.5252129301905962,0.5719595266838842,6.666666666666667,15,1.0
06035,California,Lassen County,9,0.42500241692243673,0.43371929400809994,33.33333333333333,9,1.0
06037,California,Los Angeles County,2297,0.2440276599744047,0.30112569754156926,2.5685676969960816,2334,0.9841473864610112
06039,California,Madera County,23,0.4024721165220814,0.5082150308568155,13.043478260869565,23,1.0
06041,California,Marin County,54,0.05391296819754271,0.0522163404492456,0.0,55,0.9818181818181818
06043,California,Mariposa County,6,0.5561756137820975,0.4484460433919731,0.0,6,1.0
06045,California,Mendocino County,20,0.481156164755746,0.45852823530697473,30.0,20,1.0
06047,California,Merced County,49,0.5437583926849197,0.5420018069337903,26.53061224489796,49,1.0
06049,California,Modoc County,4,0.5520054708079062,0.527861117707287,50.0,4,1.0
06051,California,Mono County,3,8.507230630926631e-05,0.25858320722245964,0.0,3,1.0
06053,California,Monterey County,90,0.22135645806828327,0.2613201987356063,3.3333333333333335,93,0.967741935483871
06055,California,Napa County,38,0.1166369250978445,0.09817432535835598,0.0,40,0.95
06057,California,Nevada County,20,0.29444775850732324,0.2979178900014714,30.0,20,1.0
06059,California,Orange County,580,0.11024919474342942,0.1614550495067375,1.0344827586206897,582,0.9965635738831615
06061,California,Placer County,84,0.0571521039805935,0.14412959559382468,4.761904761904762,84,1.0
06063,California,Plumas County,7,0.32656547268039526,0.334010253240773,0.0,7,1.0
06065,California,Riverside County,451,0.3170841036709328,0.35707051230318276,13.52549889135255,453,0.9955849889624724
06067,California,Sacramento County,315,0.29634069298184496,0.3372262144673426,7.936507936507936,317,0.9936908517350158
06069,California,San Benito County,11,0.6088069735826891,0.16480733245043058,36.36363636363637,11,1.0
06071,California,San Bernardino County,366,0.4072445507207795,0.4333990021528014,21.85792349726776,368,0.9945652173913043
06073,California,San Diego County,621,0.20256290533725355,0.2403532922624431,4.025764895330113,627,0.9904306220095693
06075,California,San Francisco County,191,0.05467651430912701,0.04588916189710094,1.5706806282722512,195,0.9794871794871794
06077,California,San Joaquin County,139,0.34327762656927424,0.41827010390065245,10.071942446043165,139,1.0
06079,California,San Luis Obispo County,52,0.2041518699153727,0.2272782630731995,1.9230769230769231,53,0.9811320754716981
06081,California,San Mateo County,156,0.05700573745552424,0.04482664908853377,0.0,156,1.0
06083,California,Santa Barbara County,87,0.19550778787063072,0.23759436188434452,3.4482758620689653,89,0.9775280898876404
06085,California,Santa Clara County,371,0.11162642756716007,0.06380950431708202,1.3477088948787064,372,0.9973118279569892
06087,California,Santa Cruz County,52,0.2180439103904036,0.16231215148544706,13.461538461538462,52,1.0
06089,California,Shasta County,48,0.43856363427496065,0.4364404948968074,22.916666666666664,48,1.0
06091,California,Sierra County,1,8.6117554039692e-05,0.27789219997590187,0.0,1,1.0
06093,California,Siskiyou County,14,0.720049481699595,0.6209803236192613,35.714285714285715,14,1.0
06095,California,Solano County,94,0.19181466626685154,0.24042361482660976,4.25531914893617,96,0.9791666666666666
06097,California,Sonoma County,99,0.1267500551095371,0.1532329191872199,4.040404040404041,99,1.0
06099,California,Stanislaus County,94,0.4063497822703781,0.43605957607895746,9.574468085106384,94,1.0
06101,California,Sutter County,21,0.33204375317865303,0.3861846049881174,19.047619047619047,21,1.0
06103,California,Tehama County,11,0.7499187291169659,0.5871334188083885,54.54545454545454,11,1.0
06105,California,Trinity County,5,0.7844102956571064,0.6452506396102595,40.0,5,1.0
06107,California,Tulare County,77,0.5432801540227614,0.6011252020584877,19.480519480519483,78,0.9871794871794872
06109,California,Tuolumne County,10,0.2599725834733658,0.45232913345693665,0.0,11,0.9090909090909091
06111,California,Ventura County,172,0.17532110511192772,0.17516753915458289,5.232558139534884,173,0.9942196531791907
06113,California,Yolo County,41,0.3066929716893864,0.1980242304381985,2.4390243902439024,41,1.0
06115,California,Yuba County,14,0.5018819758860776,0.5367132213666584,28.57142857142857,14,1.0
08001,Colorado,Adams County,96,0.34941262920963795,0.31976620903962777,17.708333333333336,96,1.0
08003,Colorado,Alamosa County,4,0.5154685704860081,0.5292888487949838,50.0,4,1.0
08005,Colorado,Arapahoe County,147,0.25388938619448004,0.22301521365643198,4.081632653061225,147,1.0
08007,Colorado,Archuleta County,4,0.7814332512578025,0.49777065162760153,50.0,4,1.0
08009,Colorado,Baca County,2,0.7530327409050195,0.6374174343088039,50.0,2,1.0
08011,Colorado,Bent County,1,0.8757231059933885,0.8128072323463541,100.0,1,1.0
08013,Colorado,Boulder County,67,0.226398991905017,0.12331233112113003,1.4925373134328357,68,0.9852941176470589
08014,Colorado,Broomfield County,15,0.0476244819281501,0.08608209040711459,6.666666666666667,15,1.0
08015,Colorado,Chaffee County,5,0.28865610661454655,0.34213899299194467,0.0,5,1.0
08017,Colorado,Cheyenne County,1,6.070599393839059e-05,0.2999874160764099,0.0,1,1.0
08019,Colorado,Clear Creek County,3,0.4697323817313424,0.22841051782876845,33.33333333333333,3,1.0
08021,Colorado,Conejos County,2,0.7666492297770696,0.6851397051371574,0.0,2,1.0
08023,Colorado,Costilla County,2,0.7008152658906035,0.8215739918055343,100.0,2,1.0
08025,Colorado,Crowley County,1,0.876565665089762,0.7225227240724138,0.0,1,1.0
08027,Colorado,Custer County,1,0.8836363487391627,0.563102322978661,100.0,1,1.0
08029,Colorado,Delta County,7,0.7246703866462891,0.5690748845175296,14.285714285714285,7,1.0
08031,Colorado,Denver County,141,0.26809012115595365,0.2392798820227755,12.056737588652481,143,0.986013986013986
08033,Colorado,Dolores County,1,0.7716067647037446,0.6070851759758941,100.0,1,1.0
08035,Colorado,Douglas County,61,0.013251500339460976,0.03833543276159145,0.0,61,1.0
08037,Colorado,Eagle County,14,6.413169096606293e-05,0.12168131887679771,0.0,14,1.0
08039,Colorado,Elbert County,7,0.10538211977007354,0.10544502840117101,14.285714285714285,7,1.0
08041,Colorado,El Paso County,129,0.31960366397556966,0.3508001522220294,17.05426356589147,130,0.9923076923076923
08043,Colorado,Fremont County,11,0.6709336169942186,0.5183773550612591,54.54545454545454,14,0.7857142857142857
08045,Colorado,Garfield County,11,0.06544827407464794,0.20063679818708138,0.0,11,1.0
08047,Colorado,Gilpin County,1,9.642300478198492e-05,0.13112693437174186,0.0,1,1.0
08049,Colorado,Grand County,3,0.00014356918897051512,0.2957769532151116,0.0,3,1.0
08051,Colorado,Gunnison County,4,0.39183024009294926,0.320255659048807,25.0,4,1.0
08053,Colorado,Hinsdale County,1,0.6636018079089167,0.3735184554397246,0.0,1,1.0
08055,Colorado,Huerfano County,2,0.31526145404746947,0.5791026668579436,0.0,2,1.0
08057,Colorado,Jackson County,1,0.7186174075147292,0.5337267665017369,0.0,1,1.0
08059,Colorado,Jefferson County,136,0.12071745659193539,0.1404984304873847,4.411764705882353,137,0.9927007299270073
08061,Colorado,Kiowa County,1,0.7190384731592248,0.6167997725496781,100.0,1,1.0
08063,Colorado,Kit Carson County,3,0.7415337053603356,0.4131650627887192,66.66666666666666,3,1.0
08065,Colorado,Lake County,2,0.34806644972063133,0.5281054569560373,50.0,2,1.0
08067,Colorado,La Plata County,10,0.08009246854814078,0.18699972169566573,0.0,10,1.0
08069,Colorado,Larimer County,72,0.2470905907942205,0.26082747730491274,8.333333333333332,73,0.9863013698630136
08071,Colorado,Las Animas County,6,0.7016342664029923,0.5409173599844951,50.0,6,1.0
08073,Colorado,Lincoln County,2,0.3867788533933571,0.38605240764291204,50.0,2,1.0
08075,Colorado,Logan County,6,0.7706757453336589,0.44356493502887656,83.33333333333334,6,1.0
08077,Colorado,Mesa County,29,0.45252512428435243,0.47123037184452304,20.689655172413794,29,1.0
08079,Colorado,Mineral County,1,0.6594476889652237,0.36583864206052885,0.0,1,1.0
08081,Colorado,Moffat County,4,0.5825356413427691,0.4059015474774371,75.0,4,1.0
08083,Colorado,Montezuma County,7,0.701561562414563,0.6084855523030518,42.857142857142854,7,1.0
08085,Colorado,Montrose County,10,0.6469431363581211,0.480644515872409,40.0,10,1.0
08087,Colorado,Morgan County,8,0.46733803735150964,0.45147123667996014,25.0,8,1.0
08089,Colorado,Otero County,7,0.623749207574071,0.6262063423205154,28.57142857142857,7,1.0
08091,Colorado,Ouray County,1,0.00014076622124810904,0.35109795550746914,0.0,1,1.0
08093,Colorado,Park County,5,0.3083190393506535,0.26019339252840884,20.0,5,1.0
08095,Colorado,Phillips County,2,0.7299426154001085,0.3663841408083124,0.0,2,1.0
08097,Colorado,Pitkin County,4,9.342101141529923e-05,0.07514772116495519,0.0,4,1.0
08099,Colorado,Prowers County,5,0.7317357904713837,0.6091221949533963,60.0,5,1.0
08101,Colorado,Pueblo County,52,0.5127147914424703,0.5456770586201558,38.46153846153847,54,0.9629629629629629
08103,Colorado,Rio Blanco County,2,0.4193006528285822,0.30877148366178264,0.0,2,1.0
08105,Colorado,Rio Grande County,3,0.7102606196282624,0.5561274197371867,66.66666666666666,3,1.0
08107,Colorado,Routt County,8,6.552100028889675e-05,0.17283061416328493,0.0,8,1.0
08109,Colorado,Saguache County,2,0.7049850979759877,0.6193100671039944,50.0,2,1.0
08111,Colorado,San Juan County,1,0.6151572145882791,0.3513212329472672,100.0,1,1.0
08113,Colorado,San Miguel County,4,4.5792231763946174e-05,0.1622152447035306,0.0,4,1.0
08115,Colorado,Sedgwick County,1,0.7754703819440555,0.4948954948944702,0.0,1,1.0
08117,Colorado,Summit County,5,0.00012405678068797297,0.17364997181562108,0.0,5,1.0
08119,Colorado,Teller County,6,0.23495521845574507,0.36732103576524194,0.0,6,1.0
08121,Colorado,Washington County,2,0.3823761902559157,0.4137309041328443,0.0,2,1.0
08123,Colorado,Weld County,76,0.22365602410975954,0.26821818407185943,15.789473684210526,77,0.987012987012987
08125,Colorado,Yuma County,2,0.8480847908986738,0.5817506176798468,100.0,2,1.0
09001,Connecticut,Fairfield County,209,0.21899498084373897,0.16970002223917002,5.741626794258373,210,0.9952380952380953
09003,Connecticut,Hartford County,220,0.2301214455227102,0.26144663774526583,5.0,223,0.9865470852017937
09005,Connecticut,Litchfield County,51,0.11712052839693048,0.13827548728617658,5.88235294117647,51,1.0
09007,Connecticut,Middlesex County,36,0.07581002513619103,0.13500390864828626,2.7777777777777777,36,1.0
09009,Connecticut,New Haven County,189,0.2731707613347701,0.26985079711949816,11.11111111111111,189,1.0
09011,Connecticut,New London County,64,0.20418482086955528,0.23185589324348016,15.625,65,0.9846153846153847
09013,Connecticut,Tolland County,28,0.16643447137441408,0.12210450034454128,17.857142857142858,29,0.9655172413793104
09015,Connecticut,Windham County,25,0.28104858279752354,0.29873017428057114,8.0,25,1.0
10001,Delaware,Kent County,32,0.407234826485238,0.4999645834888069,21.875,32,1.0
10003,Delaware,New Castle County,129,0.28390002159085737,0.2903996413588628,14.728682170542637,129,1.0
10005,Delaware,Sussex County,53,0.2411871465844866,0.38687295282650547,11.320754716981133,53,1.0
11001,District of Columbia,District of Columbia,173,0.1929873758552118,0.17572821946155442,6.358381502890173,179,0.9664804469273743
12001,Florida,Alachua County,56,0.4367840733525251,0.4992056899187685,19.642857142857142,56,1.0
12003,Florida,Baker County,4,0.000442902622604773,0.578794938322562,0.0,4,1.0
12005,Florida,Bay County,43,0.22943867242475416,0.4759835362399392,13.953488372093023,43,1.0
12007,Florida,Bradford County,4,0.4735669456426693,0.7039598803715018,0.0,4,1.0
12009,Florida,Brevard County,111,0.26869493531619937,0.4697365005072885,19.81981981981982,112,0.9910714285714286
12011,Florida,Broward County,360,0.248856616613971,0.4266372802682647,5.0,361,0.997229916897507
12013,Florida,Calhoun County,3,0.2508925209913829,0.6756944702166162,0.0,3,1.0
12015,Florida,Charlotte County,38,0.16960884242240556,0.5492476713450292,13.157894736842104,38,1.0
12017,Florida,Citrus County,27,0.39956074435814604,0.7158069670599349,14.814814814814813,27,1.0
12019,Florida,Clay County,30,0.227994229522568,0.5124497113606626,10.0,30,1.0
12021,Florida,Collier County,73,0.22888788672066443,0.33150484040467826,15.068493150684931,73,1.0
12023,Florida,Columbia County,12,0.37576794586217405,0.6827862759032568,8.333333333333332,12,1.0
12027,Florida,DeSoto County,9,0.6377256361216194,0.7508304852227667,22.22222222222222,9,1.0
12029,Florida,Dixie County,3,0.9084403402046375,0.8401278505034551,33.33333333333333,3,1.0
12031,Florida,Duval County,173,0.3753906616288076,0.5046357191378306,21.965317919075144,173,1.0
12033,Florida,Escambia County,71,0.3342131780063566,0.5245285827377631,22.535211267605636,71,1.0
12035,Florida,Flagler County,20,0.17580600247205944,0.5369669471083611,10.0,20,1.0
12037,Florida,Franklin County,4,0.4375129169243269,0.5861900696145541,0.0,4,1.0
12039,Florida,Gadsden County,9,0.5739634238312428,0.7324571716150685,22.22222222222222,9,1.0
12041,Florida,Gilchrist County,5,0.34739557390760484,0.6300369742239775,0.0,5,1.0
12043,Florida,Glades County,3,0.8509632406380746,0.7168422216342006,100.0,3,1.0
12045,Florida,Gulf County,3,0.32241666333578695,0.6209453950501341,0.0,3,1.0
12047,Florida,Hamilton County,3,0.878880708967916,0.8672020308942546,66.66666666666666,3,1.0
12049,Florida,Hardee County,6,0.6923124847613852,0.676873418266887,50.0,6,1.0
12051,Florida,Hendry County,6,0.8093928532880169,0.7635121655390381,33.33333333333333,6,1.0
12053,Florida,Hernando County,44,0.38709191115323255,0.6423862960925611,27.27272727272727,44,1.0
12055,Florida,Highlands County,24,0.5757234147533589,0.7392301020215015,33.33333333333333,26,0.9230769230769231
12057,Florida,Hillsborough County,307,0.3049328362816973,0.43033482060845735,14.006514657980457,316,0.9715189873417721
12059,Florida,Holmes County,4,0.8902181470796822,0.7720765294716282,50.0,4,1.0
12061,Florida,Indian River County,29,0.17310024430475413,0.4566560542046508,13.793103448275861,29,1.0
12063,Florida,Jackson County,11,0.4508231355251771,0.7098237715084657,27.27272727272727,11,1.0
12065,Florida,Jefferson County,3,0.3129128362307944,0.6463901320345665,0.0,3,1.0
12067,Florida,Lafayette County,2,0.848522566458237,0.666042635860291,50.0,2,1.0
12069,Florida,Lake County,56,0.2520935304557523,0.5832149524410558,23.214285714285715,56,1.0
12071,Florida,Lee County,164,0.2135922320832866,0.4391198194865946,15.853658536585366,165,0.9939393939393939
12073,Florida,Leon County,66,0.3896102261275988,0.49899406983399536,19.696969696969695,68,0.9705882352941176
12075,Florida,Levy County,9,0.7617090574892429,0.7716376346253843,22.22222222222222,9,1.0
12077,Florida,Liberty County,2,0.4596190279438919,0.625853296277637,0.0,2,1.0
12079,Florida,Madison County,5,0.8372652683595092,0.7421475010682825,40.0,5,1.0
12081,Florida,Manatee County,78,0.28237690523201747,0.43858910986928834,12.82051282051282,78,1.0
12083,Florida,Marion County,61,0.4708097661700878,0.7203452930625212,19.672131147540984,61,1.0
12085,Florida,Martin County,34,0.13492438287169456,0.3508574745816767,14.705882352941178,34,1.0
12086,Florida,Miami-Dade County,506,0.3510602310806636,0.5276386858271745,3.1620553359683794,515,0.9825242718446602
12087,Florida,Monroe County,28,0.022345633584450353,0.2526876063549031,3.571428571428571,30,0.9333333333333333
12089,Florida,Nassau County,12,0.07603933938760984,0.3497362690938987,8.333333333333332,12,1.0
12091,Florida,Okaloosa County,41,0.11134700748425001,0.3453430862474434,4.878048780487805,41,1.0
12093,Florida,Okeechobee County,11,0.6799578766207666,0.7265104568912496,63.63636363636363,11,1.0
12095,Florida,Orange County,206,0.35854612439298617,0.5158636057608569,16.019417475728158,206,1.0
12097,Florida,Osceola County,41,0.41197459593128877,0.6017232248954836,26.82926829268293,41,1.0
12099,Florida,Palm Beach County,329,0.21261858226734215,0.37186180896250237,3.951367781155015,333,0.987987987987988
12101,Florida,Pasco County,133,0.39894725044351464,0.5286648969676383,21.804511278195488,133,1.0
12103,Florida,Pinellas County,243,0.20536971740793233,0.3920123885311754,8.23045267489712,244,0.9959016393442623
12105,Florida,Polk County,153,0.38927290712751544,0.5891379472020102,20.26143790849673,154,0.9935064935064936
12107,Florida,Putnam County,16,0.6664262350884643,0.7680600590016441,31.25,16,1.0
12109,Florida,St. Johns County,39,0.15686532327705585,0.25893768311608706,10.256410256410255,39,1.0
12111,Florida,St. Lucie County,43,0.3325658313305647,0.6844287615929501,18.6046511627907,43,1.0
12113,Florida,Santa Rosa County,25,0.10429394776130751,0.42551078883737553,8.0,25,1.0
12115,Florida,Sarasota County,94,0.17869895537749061,0.3522151651823657,9.574468085106384,94,1.0
12117,Florida,Seminole County,86,0.13078094588477793,0.35205250796447596,5.813953488372093,86,1.0
12119,Florida,Sumter County,16,0.37808949712355017,0.6570985825819385,6.25,19,0.8421052631578947
12121,Florida,Suwannee County,7,0.6280804304161559,0.7722535088497987,28.57142857142857,7,1.0
12123,Florida,Taylor County,4,0.6950660351041352,0.7919109603381554,75.0,4,1.0
12125,Florida,Union County,3,0.8981264968167291,0.7712521484702037,66.66666666666666,3,1.0
12127,Florida,Volusia County,113,0.31569186685907,0.5630356053294694,23.008849557522122,113,1.0
12129,Florida,Wakulla County,4,0.2272447781082042,0.5711946084949553,25.0,4,1.0
12131,Florida,Walton County,11,0.5422951516214262,0.5022664137868273,36.36363636363637,11,1.0
12133,Florida,Washington County,7,0.7343530214981587,0.6599754891434486,57.14285714285714,7,1.0
13001,Georgia,Appling County,5,0.6483632424935402,0.6552558775372596,60.0,5,1.0
13003,Georgia,Atkinson County,3,0.7732862715567591,0.7903066356044327,33.33333333333333,3,1.0
13005,Georgia,Bacon County,3,0.8567331071693132,0.7709077256526881,0.0,3,1.0
13007,Georgia,Baker County,2,0.7289507846899668,0.5969723404161789,100.0,2,1.0
13009,Georgia,Baldwin County,8,0.6432364892760786,0.7205964869023282,50.0,9,0.8888888888888888
13011,Georgia,Banks County,4,0.2183134497171937,0.5967763327070936,0.0,4,1.0
13013,Georgia,Barrow County,18,0.3969223490026188,0.47465899556932634,27.77777777777778,18,1.0
13015,Georgia,Bartow County,15,0.4736895114223575,0.5632676208541791,26.666666666666668,15,1.0
13017,Georgia,Ben Hill County,5,0.6295223148852089,0.6713565818300541,40.0,5,1.0
13019,Georgia,Berrien County,6,0.6768245130700569,0.6937519577587122,33.33333333333333,6,1.0
13021,Georgia,Bibb County,44,0.5608194470345275,0.6654784092456452,34.090909090909086,44,1.0
13023,Georgia,Bleckley County,3,0.5756799194670781,0.7211455853160024,33.33333333333333,3,1.0
13025,Georgia,Brantley County,3,0.9378045551857982,0.79971304681116,33.33333333333333,3,1.0
13027,Georgia,Brooks County,5,0.8313374670081494,0.754911015426031,40.0,5,1.0
13029,Georgia,Bryan County,6,0.2826741833929914,0.36146634471528766,16.666666666666664,6,1.0
13031,Georgia,Bulloch County,12,0.824286077746004,0.7728459844285284,16.666666666666664,12,1.0
13033,Georgia,Burke County,6,0.8480144774055057,0.7688240252361113,50.0,6,1.0
13035,Georgia,Butts County,3,0.6392183622315694,0.8158216638303027,33.33333333333333,3,1.0
13037,Georgia,Calhoun County,2,0.854909095737598,0.8418206745032433,50.0,2,1.0
13039,Georgia,Camden County,10,0.3419567597636373,0.469856443151655,40.0,10,1.0
13043,Georgia,Candler County,3,0.8319284757806301,0.8131069400960976,0.0,3,1.0
13045,Georgia,Carroll County,17,0.4796863922042751,0.6155252485735216,29.411764705882355,17,1.0
13047,Georgia,Catoosa County,11,0.08378700853908504,0.4631031713796665,9.090909090909092,11,1.0
13049,Georgia,Charlton County,2,0.48074531284685845,0.6715336779882923,50.0,2,1.0
13051,Georgia,Chatham County,68,0.4335343728678947,0.5321283255808895,20.588235294117645,71,0.9577464788732394
13053,Georgia,Chattahoochee County,4,0.5500982529119315,0.5792439775099913,75.0,5,0.8
13055,Georgia,Chattooga County,6,0.7300518880286714,0.7280659396130883,50.0,6,1.0
13057,Georgia,Cherokee County,26,0.06100490972706669,0.228707336161619,7.6923076923076925,26,1.0
13059,Georgia,Clarke County,28,0.481305440205694,0.5548664782118286,39.285714285714285,30,0.9333333333333333
13061,Georgia,Clay County,1,0.8632055016070086,0.9309794846859893,0.0,1,1.0
13063,Georgia,Clayton County,49,0.6521180651827077,0.7465338821285177,44.89795918367347,49,1.0
13065,Georgia,Clinch County,2,0.8442933080890531,0.8713988768882736,0.0,2,1.0
13067,Georgia,Cobb County,120,0.17600700872011463,0.26880875845870583,10.0,120,1.0
13069,Georgia,Coffee County,9,0.841841944182729,0.7364729276811344,22.22222222222222,9,1.0
13071,Georgia,Colquitt County,10,0.7562220569539372,0.7580627340205793,40.0,10,1.0
13073,Georgia,Columbia County,20,0.043681311238066914,0.2836049925216933,0.0,20,1.0
13075,Georgia,Cook County,4,0.8517974069185581,0.7498611683536893,0.0,4,1.0
13077,Georgia,Coweta County,20,0.1314321796437179,0.30089070687205044,15.0,20,1.0
13079,Georgia,Crawford County,3,0.5806027116316302,0.7155815733264377,33.33333333333333,3,1.0
13081,Georgia,Crisp County,6,0.7083940201301244,0.7787473618741996,16.666666666666664,6,1.0
13083,Georgia,Dade County,4,0.00011088823910775341,0.49049706884378785,0.0,4,1.0
13085,Georgia,Dawson County,3,0.00039912406905708134,0.40061201096041793,0.0,3,1.0
13087,Georgia,Decatur County,7,0.7192244975809398,0.6759527293098377,42.857142857142854,7,1.0
13089,Georgia,DeKalb County,143,0.361401642681365,0.4422305745694002,25.874125874125873,144,0.9930555555555556
13091,Georgia,Dodge County,6,0.6926513452990107,0.7521432995046777,0.0,6,1.0
13093,Georgia,Dooly County,3,0.8786023907947795,0.8316328469641258,66.66666666666666,3,1.0
13095,Georgia,Dougherty County,27,0.5839596316557647,0.7183374480190319,55.55555555555556,27,1.0
13097,Georgia,Douglas County,20,0.26834977841778784,0.48216817474470786,30.0,20,1.0
13099,Georgia,Early County,5,0.7958470391469892,0.7708833641021549,0.0,5,1.0
13101,Georgia,Echols County,2,0.3783264633279002,0.6426518635706705,0.0,2,1.0
13103,Georgia,Effingham County,10,0.000192911566023796,0.37183869249924695,0.0,10,1.0
13105,Georgia,Elbert County,5,0.8464830637986263,0.7418473585800011,40.0,5,1.0
13107,Georgia,Emanuel County,6,0.8337737473987824,0.7841688166937524,66.66666666666666,6,1.0
13109,Georgia,Evans County,3,0.8502424774615055,0.748732530018755,0.0,3,1.0
13111,Georgia,Fannin County,5,0.3527212562712515,0.5594040016105013,0.0,5,1.0
13113,Georgia,Fayette County,20,0.04209099610198652,0.14330602955666238,0.0,20,1.0
13115,Georgia,Floyd County,20,0.42209815905494885,0.5764824043793071,35.0,20,1.0
13117,Georgia,Forsyth County,45,0.01729266944266229,0.1071000459644018,2.2222222222222223,45,1.0
13119,Georgia,Franklin County,5,0.8809290808825614,0.7286250412635301,0.0,5,1.0
13121,Georgia,Fulton County,199,0.33144703747290744,0.384428288240995,22.110552763819097,202,0.9851485148514851
13123,Georgia,Gilmer County,5,0.366145332065153,0.5721904666718655,20.0,5,1.0
13125,Georgia,Glascock County,1,0.8158729750527056,0.6267942955947271,100.0,1,1.0
13127,Georgia,Glynn County,15,0.4037148000335045,0.5490654074417499,33.33333333333333,15,1.0
13129,Georgia,Gordon County,9,0.6531297681793382,0.6608136339607831,33.33333333333333,9,1.0
13131,Georgia,Grady County,6,0.5918720405955761,0.6902728433160125,0.0,6,1.0
13133,Georgia,Greene County,7,0.45052743470997403,0.5110499923175666,14.285714285714285,7,1.0
13135,Georgia,Gwinnett County,113,0.24822386461171436,0.3897000752873779,15.929203539823009,113,1.0
13137,Georgia,Habersham County,8,0.21521312105083362,0.5482228290164612,12.5,8,1.0
13139,Georgia,Hall County,36,0.16068115047568152,0.3876509335731569,11.11111111111111,36,1.0
13141,Georgia,Hancock County,2,0.8904563635502353,0.812639448120335,50.0,2,1.0
13143,Georgia,Haralson County,5,0.715334073610752,0.7029141303242208,20.0,5,1.0
13145,Georgia,Harris County,5,0.00029835366240965253,0.3051873230494004,0.0,5,1.0
13147,Georgia,Hart County,5,0.5445072828998683,0.6952059267448456,0.0,5,1.0
13149,Georgia,Heard County,3,0.5820395532220659,0.5938506135863969,0.0,3,1.0
13151,Georgia,Henry County,25,0.14620190126782823,0.4866465721320365,12.0,25,1.0
13153,Georgia,Houston County,23,0.3444886546975153,0.5627220942240708,26.08695652173913,23,1.0
13155,Georgia,Irwin County,2,0.8711163788091849,0.7430774565334335,0.0,2,1.0
13157,Georgia,Jackson County,11,0.07924437731198507,0.40490170432445327,0.0,11,1.0
13159,Georgia,Jasper County,3,0.8596715827458034,0.7289035805896905,0.0,3,1.0
13161,Georgia,Jeff Davis County,3,0.8399331106189756,0.7278636323608757,66.66666666666666,3,1.0
13163,Georgia,Jefferson County,4,0.8498841043418042,0.7634214311067825,0.0,4,1.0
13165,Georgia,Jenkins County,2,0.8430914047095808,0.7800877774710928,0.0,2,1.0
13167,Georgia,Johnson County,3,0.5636670688614688,0.6624558627122537,33.33333333333333,3,1.0
13169,Georgia,Jones County,6,0.30557998130313635,0.4837916245620268,16.666666666666664,6,1.0
13171,Georgia,Lamar County,3,0.5931987241273768,0.6936520050099908,33.33333333333333,3,1.0
13173,Georgia,Lanier County,2,0.8490461506939262,0.7365252222056174,0.0,2,1.0
13175,Georgia,Laurens County,13,0.709430796388712,0.7138868212936872,38.46153846153847,13,1.0
13177,Georgia,Lee County,5,0.1458423729537771,0.43526336085062534,0.0,5,1.0
13179,Georgia,Liberty County,14,0.5912491001313166,0.6752212503859129,35.714285714285715,14,1.0
13181,Georgia,Lincoln County,2,0.45275270362561015,0.5880397421004069,0.0,2,1.0
13183,Georgia,Long County,2,0.45351058163123237,0.6676545464882802,0.0,2,1.0
13185,Georgia,Lowndes County,25,0.5672406927258851,0.6054316004744016,24.0,25,1.0
13187,Georgia,Lumpkin County,4,0.4661504666023242,0.7124728024906931,0.0,4,1.0
13189,Georgia,McDuffie County,5,0.6849008837428826,0.6664359241788972,0.0,5,1.0
13191,Georgia,McIntosh County,3,0.6158185247515872,0.6328869590104634,33.33333333333333,3,1.0
13193,Georgia,Macon County,4,0.8119472771389589,0.7897670326548645,0.0,4,1.0
13195,Georgia,Madison County,6,0.2987864860150777,0.5893030524410128,16.666666666666664,6,1.0
13197,Georgia,Marion County,2,0.8700768705602691,0.727965035049144,0.0,2,1.0
13199,Georgia,Meriwether County,4,0.8850455633160218,0.7735159819155588,25.0,4,1.0
13201,Georgia,Miller County,3,0.5118227476899682,0.6513296147593691,0.0,3,1.0
13205,Georgia,Mitchell County,5,0.85090004967103,0.8145278029452072,20.0,5,1.0
13207,Georgia,Monroe County,5,0.5364140249580984,0.4736756857735639,0.0,5,1.0
13209,Georgia,Montgomery County,3,0.8080497313497634,0.6210586046944765,33.33333333333333,3,1.0
13211,Georgia,Morgan County,5,0.00013332043734555826,0.3917076569571591,0.0,5,1.0
13213,Georgia,Murray County,8,0.6406610869345766,0.6684190422625265,0.0,8,1.0
13215,Georgia,Muscogee County,52,0.5194903797823486,0.6487114926147021,19.230769230769234,53,0.9811320754716981
13217,Georgia,Newton County,13,0.5732966585179866,0.7064017176679743,61.53846153846154,13,1.0
13219,Georgia,Oconee County,6,0.00018225612199526415,0.10993112153719,0.0,6,1.0
13221,Georgia,Oglethorpe County,4,0.42179497959412493,0.6189957118244789,0.0,4,1.0
13223,Georgia,Paulding County,19,0.10096768039599663,0.4163073965608638,5.263157894736842,19,1.0
13225,Georgia,Peach County,6,0.5487929076688811,0.6710939096958838,0.0,6,1.0
13227,Georgia,Pickens County,6,0.00015892592333370626,0.3561540206695579,0.0,6,1.0
13229,Georgia,Pierce County,4,0.8622150440457322,0.7133624120341429,25.0,4,1.0
13231,Georgia,Pike County,4,0.0001623382044519302,0.37671256064714365,0.0,4,1.0
13233,Georgia,Polk County,7,0.4918374479323982,0.6812285693023389,14.285714285714285,7,1.0
13235,Georgia,Pulaski County,3,0.849155249464885,0.781273145658642,0.0,3,1.0
13237,Georgia,Putnam County,5,0.49966331572376677,0.6069774756823846,20.0,5,1.0
13239,Georgia,Quitman County,1,0.8289894854077888,0.8225535909730814,0.0,1,1.0
13241,Georgia,Rabun County,5,0.6579912399980369,0.6197909117436085,0.0,5,1.0
13243,Georgia,Randolph County,2,0.827663243492484,0.8573802704577071,50.0,2,1.0
13245,Georgia,Richmond County,47,0.5512679238684765,0.7014271650652613,53.191489361702125,47,1.0
13247,Georgia,Rockdale County,15,0.28738023966065757,0.5703298223031208,26.666666666666668,15,1.0
13249,Georgia,Schley County,2,0.4008998109823594,0.6393449384499873,0.0,2,1.0
13251,Georgia,Screven County,5,0.4987188426123364,0.6213285736217029,20.0,5,1.0
13253,Georgia,Seminole County,3,0.8290888526281354,0.773385014419356,33.33333333333333,3,1.0
13255,Georgia,Spalding County,12,0.6522377783131493,0.7242025469628564,41.66666666666667,12,1.0
13257,Georgia,Stephens County,5,0.3088498169143727,0.6901464948340835,40.0,5,1.0
13259,Georgia,Stewart County,2,0.7544193968279872,0.8099122160633128,50.0,2,1.0
13261,Georgia,Sumter County,8,0.7271891772333852,0.7363882627701304,12.5,8,1.0
13263,Georgia,Talbot County,3,0.7845768051511567,0.7230850794065855,33.33333333333333,3,1.0
13265,Georgia,Taliaferro County,1,0.7704893592858196,0.7694208310379836,100.0,1,1.0
13267,Georgia,Tattnall County,5,0.5252738352088738,0.7124516716092156,20.0,5,1.0
13269,Georgia,Taylor County,3,0.8137767632440601,0.7707380331616186,0.0,3,1.0
13271,Georgia,Telfair County,3,0.6081770034753909,0.6972292084739857,66.66666666666666,3,1.0
13273,Georgia,Terrell County,4,0.609531020286574,0.7501414566494544,25.0,4,1.0
13275,Georgia,Thomas County,11,0.5350210733480002,0.7066971719421496,18.181818181818183,11,1.0
13277,Georgia,Tift County,9,0.5313330402383537,0.5406763006443924,33.33333333333333,9,1.0
13279,Georgia,Toombs County,6,0.7067514694079805,0.7132224284083595,33.33333333333333,6,1.0
13281,Georgia,Towns County,3,0.2999597108753589,0.663898348077392,0.0,3,1.0
13283,Georgia,Treutlen County,2,0.3772395660353022,0.7459938555367525,0.0,2,1.0
13285,Georgia,Troup County,14,0.35505485916352325,0.6185872484041071,21.428571428571427,14,1.0
13287,Georgia,Turner County,2,0.8972384808699219,0.8217687278616752,50.0,2,1.0
13289,Georgia,Twiggs County,2,0.8875985350544907,0.7553776112906322,0.0,2,1.0
13291,Georgia,Union County,6,0.4286235382677169,0.5542424831754492,0.0,6,1.0
13293,Georgia,Upson County,7,0.7060251802283817,0.650908392322476,42.857142857142854,7,1.0
13295,Georgia,Walker County,13,0.3454258385615336,0.6585802742264756,38.46153846153847,13,1.0
13297,Georgia,Walton County,15,0.24625770011710815,0.4622317585185601,20.0,15,1.0
13299,Georgia,Ware County,9,0.6277248310311778,0.7537506787069367,55.55555555555556,9,1.0
13301,Georgia,Warren County,2,0.7841841610319449,0.7704081192072298,0.0,2,1.0
13303,Georgia,Washington County,5,0.7285290575990053,0.769008700420063,40.0,5,1.0
13305,Georgia,Wayne County,6,0.5808526891276095,0.6618488664903347,33.33333333333333,6,1.0
13307,Georgia,Webster County,2,0.7469829209399612,0.7446890815482325,0.0,2,1.0
13309,Georgia,Wheeler County,2,0.8336812891690761,0.7966541280879095,0.0,2,1.0
13311,Georgia,White County,5,0.19515851273282592,0.5537188093305689,0.0,5,1.0
13313,Georgia,Whitfield County,18,0.3099329892307624,0.5461768931835934,16.666666666666664,18,1.0
13315,Georgia,Wilcox County,4,0.6080250160725722,0.6524824177344226,25.0,4,1.0
13317,Georgia,Wilkes County,4,0.39948389880966395,0.631609785714559,25.0,4,1.0
13319,Georgia,Wilkinson County,3,0.558395675123717,0.6804975916869349,33.33333333333333,3,1.0
13321,Georgia,Worth County,5,0.7164008052164718,0.7265565549514932,0.0,5,1.0
15001,Hawaii,Hawaii County,33,0.3198016165206702,0.40279161341600694,30.303030303030305,33,1.0
15003,Hawaii,Honolulu County,228,0.10236916062064137,0.10705334107651547,8.333333333333332,239,0.9539748953974896
15005,Hawaii,Kalawao County,1,2.545293878141321e-05,0.01959838835758206,0.0,1,1.0
15007,Hawaii,Kauai County,13,0.05306171032694177,0.18001591060596123,0.0,14,0.9285714285714286
15009,Hawaii,Maui County,34,0.11256048855358682,0.16758054848860537,8.823529411764707,34,1.0
16001,Idaho,Ada County,59,0.1634578314944794,0.32694232480455193,1.694915254237288,59,1.0
16003,Idaho,Adams County,2,6.84766909371934e-05,0.5043201132756934,0.0,2,1.0
16005,Idaho,Bannock County,22,0.388836898830229,0.5182628893093368,27.27272727272727,22,1.0
16007,Idaho,Bear Lake County,2,0.4128205259660235,0.44817664192868056,0.0,2,1.0
16009,Idaho,Benewah County,2,0.42582685955809807,0.6317044531667917,50.0,2,1.0
16011,Idaho,Bingham County,8,0.18958649202960307,0.5296966408594841,12.5,8,1.0
16013,Idaho,Blaine County,4,0.00011614503623646363,0.32594836184175685,0.0,4,1.0
16015,Idaho,Boise County,1,0.00031117671815365924,0.5293452402349691,0.0,1,1.0
16017,Idaho,Bonner County,9,0.3667600213042308,0.5564092020494484,11.11111111111111,9,1.0
16019,Idaho,Bonneville County,21,0.22871849022166285,0.41353896780367094,4.761904761904762,21,1.0
16021,Idaho,Boundary County,2,0.00024353206232639635,0.6202440970087333,0.0,2,1.0
16023,Idaho,Butte County,1,0.8086579076528287,0.5995406464525942,100.0,1,1.0
16025,Idaho,Camas County,1,0.716681558233254,0.5485038680316526,100.0,1,1.0
16027,Idaho,Canyon County,29,0.5422101122996078,0.6369645115838428,20.689655172413794,29,1.0
16029,Idaho,Caribou County,2,8.759254498090572e-05,0.3438826321207991,0.0,2,1.0
16031,Idaho,Cassia County,6,0.13038558932552108,0.48848251019200734,0.0,6,1.0
16033,Idaho,Clark County,1,0.6812411028987233,0.5956639028683443,100.0,1,1.0
16035,Idaho,Clearwater County,2,0.00017698177297158002,0.6378561080884315,0.0,2,1.0
16037,Idaho,Custer County,1,0.9000144864391704,0.6665945062789818,100.0,1,1.0
16039,Idaho,Elmore County,5,0.29664854205991537,0.6193967997947663,40.0,5,1.0
16041,Idaho,Franklin County,2,0.00024549108722169246,0.49900073363344105,0.0,2,1.0
16043,Idaho,Fremont County,3,0.28188749583989997,0.5158332344425164,0.0,3,1.0
16045,Idaho,Gem County,3,0.603063601979218,0.7068499682684711,33.33333333333333,3,1.0
16047,Idaho,Gooding County,2,0.00019579486882388475,0.5232618326058054,0.0,2,1.0
16049,Idaho,Idaho County,5,0.50460679976761,0.6287464303549088,40.0,5,1.0
16051,Idaho,Jefferson County,4,0.0003565822177080677,0.5016476301216566,0.0,4,1.0
16053,Idaho,Jerome County,5,0.6249937517749488,0.5828953331842281,40.0,5,1.0
16055,Idaho,Kootenai County,25,0.16353959461255127,0.4720361046693202,0.0,25,1.0
16057,Idaho,Latah County,7,0.3726408092988128,0.4201308491492484,42.857142857142854,7,1.0
16059,Idaho,Lemhi County,3,0.2724819394846684,0.523775517444884,33.33333333333333,3,1.0
16061,Idaho,Lewis County,3,0.24407561149840037,0.5276642292423498,0.0,3,1.0
16063,Idaho,Lincoln County,1,0.00012559904869012368,0.5953856355777845,0.0,1,1.0
16065,Idaho,Madison County,6,0.6015983178740413,0.7132064592720618,33.33333333333333,6,1.0
16067,Idaho,Minidoka County,5,0.3444443657622602,0.547327281540402,40.0,5,1.0
16069,Idaho,Nez Perce County,10,0.24834867072329964,0.39532908584332116,10.0,10,1.0
16071,Idaho,Oneida County,1,0.00017207239358942177,0.5743997513137442,0.0,1,1.0
16073,Idaho,Owyhee County,3,0.8006194713367681,0.6488394015560432,33.33333333333333,3,1.0
16075,Idaho,Payette County,4,0.000209980038316935,0.5869455044840741,0.0,4,1.0
16077,Idaho,Power County,2,0.36947933637760805,0.505338904869939,50.0,2,1.0
16079,Idaho,Shoshone County,3,0.5708594586071202,0.6972149063942203,33.33333333333333,3,1.0
16081,Idaho,Teton County,1,0.00032106477366433233,0.2966419234030022,0.0,1,1.0
16083,Idaho,Twin Falls County,14,0.18667355327442853,0.5138943648054586,7.142857142857142,14,1.0
16085,Idaho,Valley County,3,8.853346107013243e-05,0.38674751365468407,0.0,3,1.0
16087,Idaho,Washington County,3,0.5469165099874714,0.6420914557274374,0.0,3,1.0
17001,Illinois,Adams County,18,0.3767670766677258,0.4910000760553371,5.555555555555555,18,1.0
17003,Illinois,Alexander County,4,0.799630464092898,0.799408434527028,75.0,4,1.0
17005,Illinois,Bond County,4,0.22200181327988677,0.3086367927599759,25.0,4,1.0
17007,Illinois,Boone County,7,0.3557540938261126,0.4160646103432924,28.57142857142857,7,1.0
17009,Illinois,Brown County,2,8.279786890938898e-05,0.2708609923736258,0.0,2,1.0
17011,Illinois,Bureau County,10,0.16517235305598663,0.3958545119240518,10.0,10,1.0
17013,Illinois,Calhoun County,2,7.966612668698313e-05,0.3479838470706824,0.0,2,1.0
17015,Illinois,Carroll County,6,0.2714141076720182,0.383728853732042,16.666666666666664,6,1.0
17017,Illinois,Cass County,5,0.4487335291256625,0.47928198780835113,0.0,5,1.0
17019,Illinois,Champaign County,39,0.27128420360177585,0.3477874764538216,7.6923076923076925,43,0.9069767441860465
17021,Illinois,Christian County,10,0.4102006636703307,0.4942019231250943,0.0,10,1.0
17023,Illinois,Clark County,4,0.4557038111950665,0.5268089017967834,25.0,4,1.0
17025,Illinois,Clay County,4,0.6380699190519433,0.5390513902525873,0.0,4,1.0
17027,Illinois,Clinton County,8,0.3202869625331963,0.30726925832802576,0.0,8,1.0
17029,Illinois,Coles County,12,0.6300412380479287,0.5682882742586325,50.0,12,1.0
17031,Illinois,Cook County,1305,0.3009782865680277,0.3314466001984731,3.8314176245210727,1314,0.9931506849315068
17033,Illinois,Crawford County,6,0.409648699512784,0.45092609060814953,16.666666666666664,6,1.0
17035,Illinois,Cumberland County,3,0.2782115756359865,0.4352582427149527,0.0,3,1.0
17037,Illinois,DeKalb County,21,0.26305919830762586,0.3469119765178875,23.809523809523807,21,1.0
17039,Illinois,De Witt County,5,0.3318720434468923,0.3904501437087579,0.0,5,1.0
17041,Illinois,Douglas County,5,0.28803555819536736,0.35211293081800765,20.0,5,1.0
17043,Illinois,DuPage County,216,0.041620613179488924,0.10085989759140929,0.0,216,1.0
17045,Illinois,Edgar County,5,0.33755066939341266,0.4656603477220854,40.0,5,1.0
17047,Illinois,Edwards County,3,0.5007074200415421,0.38116202509400726,33.33333333333333,3,1.0
17049,Illinois,Effingham County,8,0.3135016890077618,0.3806527516375242,25.0,8,1.0
17051,Illinois,Fayette County,7,0.8336055473139613,0.6587259114222217,71.42857142857143,7,1.0
17053,Illinois,Ford County,5,0.3437469607862038,0.44283777721694817,20.0,5,1.0
17055,Illinois,Franklin County,12,0.6128701219785041,0.6211802233750239,25.0,12,1.0
17057,Illinois,Fulton County,12,0.47411999014710493,0.48658780550514386,16.666666666666664,12,1.0
17059,Illinois,Gallatin County,2,0.43379870776556295,0.6195403342992383,50.0,2,1.0
17061,Illinois,Greene County,5,0.6401136116112549,0.5908255574682573,0.0,5,1.0
17063,Illinois,Grundy County,10,0.0758041427762828,0.22880116727308622,10.0,10,1.0
17065,Illinois,Hamilton County,3,0.2747465695474336,0.41769605135397025,0.0,3,1.0
17067,Illinois,Hancock County,7,0.46564550738145527,0.4239872951804002,42.857142857142854,7,1.0
17069,Illinois,Hardin County,2,0.38423549063490603,0.4794846906546347,0.0,2,1.0
17071,Illinois,Henderson County,3,0.5356017526433444,0.4498841478518136,0.0,3,1.0
17073,Illinois,Henry County,13,0.24068763395529483,0.395819126062691,15.384615384615385,13,1.0
17075,Illinois,Iroquois County,9,0.45258797822013147,0.45179163839947506,33.33333333333333,9,1.0
17077,Illinois,Jackson County,14,0.5991368571487689,0.6153845601610677,50.0,14,1.0
17079,Illinois,Jasper County,3,0.26848058628066895,0.45878605368390796,33.33333333333333,3,1.0
17081,Illinois,Jefferson County,11,0.5104865548913741,0.563937805435227,36.36363636363637,11,1.0
17083,Illinois,Jersey County,6,0.263600841482667,0.30511723995520296,0.0,6,1.0
17085,Illinois,Jo Daviess County,6,0.2753955543135973,0.33496422500084316,16.666666666666664,6,1.0
17087,Illinois,Johnson County,3,0.2742664341730725,0.4811626459125328,0.0,4,0.75
17089,Illinois,Kane County,82,0.26120117907948104,0.27960509989209775,6.097560975609756,82,1.0
17091,Illinois,Kankakee County,29,0.37233036256801183,0.4319676611483108,17.24137931034483,29,1.0
17093,Illinois,Kendall County,10,0.07781430576251629,0.20702417734779935,10.0,10,1.0
17095,Illinois,Knox County,16,0.44191348512497697,0.5276234773308213,25.0,16,1.0
17097,Illinois,Lake County,151,0.1486611450812231,0.18822888986849745,5.298013245033113,152,0.993421052631579
17099,Illinois,LaSalle County,28,0.27902889796398117,0.40723141896647463,17.857142857142858,28,1.0
17101,Illinois,Lawrence County,5,0.6696568966145373,0.6022957217555372,20.0,5,1.0
17103,Illinois,Lee County,9,0.0865255244382068,0.3146632570621029,11.11111111111111,9,1.0
17105,Illinois,Livingston County,10,0.1558067818821352,0.3895627601808365,20.0,10,1.0
17107,Illinois,Logan County,8,0.09303780185135048,0.323706050299448,0.0,8,1.0
17109,Illinois,McDonough County,9,0.4444303008297774,0.4043931352298265,44.44444444444444,10,0.9
17111,Illinois,McHenry County,52,0.05531055069643661,0.15490494140028968,3.8461538461538463,52,1.0
17113,Illinois,McLean County,40,0.3370971347396611,0.28326451543053544,17.5,41,0.975609756097561
17115,Illinois,Macon County,34,0.3699428018180344,0.4990120370175531,11.76470588235294,34,1.0
17117,Illinois,Macoupin County,13,0.33209768202091033,0.4365434922421825,7.6923076923076925,13,1.0
17119,Illinois,Madison County,61,0.3589809623090438,0.41180629319000195,26.229508196721312,61,1.0
17121,Illinois,Marion County,12,0.47262553688407216,0.5722643270042441,41.66666666666667,12,1.0
17123,Illinois,Marshall County,5,8.106238404763577e-05,0.35448929662720685,0.0,5,1.0
17125,Illinois,Mason County,6,0.5281394772385405,0.5384547621457377,33.33333333333333,6,1.0
17127,Illinois,Massac County,4,0.6185563146828793,0.6302737712504399,25.0,4,1.0
17129,Illinois,Menard County,3,0.00012822551521094532,0.2092723203397258,0.0,3,1.0
17131,Illinois,Mercer County,4,0.21534771245295364,0.37329820864742014,25.0,4,1.0
17133,Illinois,Monroe County,6,0.00015487544701063644,0.11250968778025605,0.0,6,1.0
17135,Illinois,Montgomery County,8,0.515019491713216,0.48470146910543155,50.0,8,1.0
17137,Illinois,Morgan County,10,0.4017689537140307,0.515962614537848,50.0,10,1.0
17139,Illinois,Moultrie County,4,0.1917537242131823,0.3108906870155954,0.0,4,1.0
17141,Illinois,Ogle County,11,0.14951600590297218,0.34570785540115584,18.181818181818183,11,1.0
17143,Illinois,Peoria County,48,0.4217564605048462,0.4685588516488308,33.33333333333333,48,1.0
17145,Illinois,Perry County,6,0.5549918499177354,0.5107260586076252,33.33333333333333,6,1.0
17147,Illinois,Piatt County,4,0.2069581626960808,0.2891166102113917,0.0,4,1.0
17149,Illinois,Pike County,5,0.8203042929224058,0.5950976466713862,80.0,5,1.0
17151,Illinois,Pope County,2,0.38178735334120845,0.44258890737841866,0.0,2,1.0
17153,Illinois,Pulaski County,2,0.8047851339487261,0.6880195442528105,100.0,2,1.0
17155,Illinois,Putnam County,2,8.905912900018678e-05,0.2641049652717212,0.0,2,1.0
17157,Illinois,Randolph County,9,0.2741180565778087,0.4161624904364929,11.11111111111111,9,1.0
17159,Illinois,Richland County,5,0.47964527357916154,0.5111567554072274,0.0,5,1.0
17161,Illinois,Rock Island County,40,0.39911255148421526,0.4487826529429596,25.0,40,1.0
17163,Illinois,St. Clair County,60,0.39397530759573607,0.4848374110053554,33.33333333333333,60,1.0
17165,Illinois,Saline County,9,0.6247158069936153,0.6422871828700639,33.33333333333333,9,1.0
17167,Illinois,Sangamon County,52,0.36121076689691567,0.422985367638276,9.615384615384617,53,0.9811320754716981
17169,Illinois,Schuyler County,3,0.5551262597781625,0.5069037798617159,33.33333333333333,3,1.0
17171,Illinois,Scott County,2,8.621356741319619e-05,0.40314013934684084,0.0,2,1.0
17173,Illinois,Shelby County,6,0.5663476234571605,0.4835001205853942,16.666666666666664,6,1.0
17175,Illinois,Stark County,2,0.00010665966214183867,0.47512172021389665,0.0,2,1.0
17177,Illinois,Stephenson County,13,0.3579667546425946,0.5023635966675339,0.0,13,1.0
17179,Illinois,Tazewell County,30,0.2226759373963593,0.34145820397496596,10.0,30,1.0
17181,Illinois,Union County,5,0.5007900248349041,0.5315649323249794,20.0,5,1.0
17183,Illinois,Vermilion County,24,0.5154627305696358,0.5476479568532473,25.0,24,1.0
17185,Illinois,Wabash County,4,0.3862212634113191,0.4425682873711305,25.0,4,1.0
17187,Illinois,Warren County,5,0.49814138583605905,0.44427728383612025,20.0,5,1.0
17189,Illinois,Washington County,4,0.00011367553865968948,0.30840372619838563,0.0,4,1.0
17191,Illinois,Wayne County,5,0.6469295689535103,0.5130770335371939,40.0,5,1.0
17193,Illinois,White County,5,0.46170181252310066,0.4905797951374827,0.0,5,1.0
17195,Illinois,Whiteside County,18,0.21048852644046992,0.38860663395321793,22.22222222222222,18,1.0
17197,Illinois,Will County,150,0.19843311231536254,0.23771130757502879,10.666666666666668,151,0.9933774834437086
17199,Illinois,Williamson County,15,0.32390673546294446,0.4903776086678681,33.33333333333333,15,1.0
17201,Illinois,Winnebago County,75,0.40721191329638967,0.501061865099345,13.333333333333334,77,0.974025974025974
17203,Illinois,Woodford County,9,0.00012566833844217747,0.23932356580293412,0.0,9,1.0
18001,Indiana,Adams County,7,0.30939313773453125,0.3819569669344317,14.285714285714285,7,1.0
18003,Indiana,Allen County,93,0.30369860749576905,0.46694050515586455,19.35483870967742,96,0.96875
18005,Indiana,Bartholomew County,15,0.22272713620698512,0.3630505415762785,26.666666666666668,15,1.0
18007,Indiana,Benton County,3,0.5422564416078778,0.5866879930514234,0.0,3,1.0
18009,Indiana,Blackford County,4,0.3975991368608017,0.5774231898500876,25.0,4,1.0
18011,Indiana,Boone County,10,0.00015388181595204497,0.1938051561735687,0.0,10,1.0
18013,Indiana,Brown County,4,0.00012427117037770122,0.329332048223719,0.0,4,1.0
18015,Indiana,Carroll County,7,0.11455391642999928,0.3469348454544922,0.0,7,1.0
18017,Indiana,Cass County,11,0.2612173466167844,0.4689351145112957,18.181818181818183,11,1.0
18019,Indiana,Clark County,26,0.20675238512351923,0.41661827314438277,11.538461538461538,26,1.0
18021,Indiana,Clay County,6,0.15338794311883175,0.5079883407029998,16.666666666666664,6,1.0
18023,Indiana,Clinton County,8,0.2845529903277323,0.44213973778174853,0.0,8,1.0
18025,Indiana,Crawford County,3,0.552418669510145,0.6067421900209011,33.33333333333333,3,1.0
18027,Indiana,Daviess County,7,0.21076665905731246,0.3463954789596398,28.57142857142857,7,1.0
18029,Indiana,Dearborn County,10,0.1605822386734963,0.34471492069584186,20.0,10,1.0
18031,Indiana,Decatur County,6,0.2749453600927041,0.4750564483538789,16.666666666666664,6,1.0
18033,Indiana,DeKalb County,9,0.1882687484947592,0.44276174662420037,22.22222222222222,9,1.0
18035,Indiana,Delaware County,29,0.48414684103309386,0.6518955987839086,37.93103448275862,30,0.9666666666666667
18037,Indiana,Dubois County,7,0.12102532204511847,0.3745626302459298,0.0,7,1.0
18039,Indiana,Elkhart County,36,0.25621070539880547,0.4342006318256936,19.444444444444446,36,1.0
18041,Indiana,Fayette County,7,0.4674725701960535,0.6213225779947756,28.57142857142857,7,1.0
18043,Indiana,Floyd County,20,0.21420718732975516,0.37014182937335727,5.0,20,1.0
18045,Indiana,Fountain County,5,0.31747868526910616,0.49080687265823597,0.0,5,1.0
18047,Indiana,Franklin County,5,0.3210963979946667,0.45446004816884944,20.0,5,1.0
18049,Indiana,Fulton County,6,9.264694222345245e-05,0.4231809369055799,0.0,6,1.0
18051,Indiana,Gibson County,7,0.12026734916613754,0.45337753808080644,0.0,7,1.0
18053,Indiana,Grant County,16,0.47797643255357647,0.645450071289562,31.25,16,1.0
18055,Indiana,Greene County,9,0.27121065372542275,0.5550700891420666,11.11111111111111,9,1.0
18057,Indiana,Hamilton County,39,0.021593995165006014,0.13040003691034016,0.0,39,1.0
18059,Indiana,Hancock County,10,0.17563725335065603,0.3023667786034877,20.0,10,1.0
18061,Indiana,Harrison County,6,0.00028479273803390777,0.4306714539817815,0.0,6,1.0
18063,Indiana,Hendricks County,21,0.07818272005258077,0.24685308544946777,4.761904761904762,21,1.0
18065,Indiana,Henry County,13,0.3047373804855723,0.5909173898310696,7.6923076923076925,13,1.0
18067,Indiana,Howard County,20,0.3624932195622829,0.512121729571142,25.0,20,1.0
18069,Indiana,Huntington County,9,0.17792195595729932,0.4632452903342489,11.11111111111111,9,1.0
18071,Indiana,Jackson County,10,0.14585595280647418,0.5304432862681427,10.0,10,1.0
18073,Indiana,Jasper County,8,0.5198207245381415,0.4156203676014954,25.0,8,1.0
18075,Indiana,Jay County,7,0.41555243991418894,0.44732381390904713,42.857142857142854,7,1.0
18077,Indiana,Jefferson County,7,0.3603759893304863,0.5529906691011681,0.0,7,1.0
18079,Indiana,Jennings County,6,0.2734323106546533,0.5337831608894817,33.33333333333333,6,1.0
18081,Indiana,Johnson County,22,0.15020655974946243,0.3183161436023351,18.181818181818183,22,1.0
18083,Indiana,Knox County,10,0.39196360435950506,0.5687257528365903,0.0,10,1.0
18085,Indiana,Kosciusko County,19,0.16408696618953536,0.36833153698667553,0.0,19,1.0
18087,Indiana,LaGrange County,8,4.5804763092274256e-05,0.1928080997193764,0.0,8,1.0
18089,Indiana,Lake County,117,0.4978531973768165,0.539783036286281,26.495726495726498,117,1.0
18091,Indiana,LaPorte County,28,0.3590356103160998,0.4941282570132936,28.57142857142857,28,1.0
18093,Indiana,Lawrence County,10,0.32966131070716015,0.5557168892949573,20.0,10,1.0
18095,Indiana,Madison County,36,0.46600885449810825,0.5619282898949094,33.33333333333333,37,0.972972972972973
18097,Indiana,Marion County,223,0.4644805875867465,0.5273638995671371,30.04484304932735,224,0.9955357142857143
18099,Indiana,Marshall County,12,0.12428754637319485,0.39431189174187425,0.0,12,1.0
18101,Indiana,Martin County,3,0.00010750746794915176,0.4189329424629802,0.0,3,1.0
18103,Indiana,Miami County,10,0.48821065775683953,0.580144895326956,20.0,10,1.0
18105,Indiana,Monroe County,29,0.3196058933484307,0.37848106053429875,13.793103448275861,31,0.9354838709677419
18107,Indiana,Montgomery County,9,0.09857151518585594,0.41984600747730744,11.11111111111111,9,1.0
18109,Indiana,Morgan County,13,0.25191556233170753,0.4139263998813328,7.6923076923076925,13,1.0
18111,Indiana,Newton County,4,0.8268159611564991,0.5429264328750282,25.0,4,1.0
18113,Indiana,Noble County,10,0.16387655225205344,0.4023423102626273,10.0,10,1.0
18115,Indiana,Ohio County,2,0.37810956051170574,0.32388740939386207,0.0,2,1.0
18117,Indiana,Orange County,6,0.2621814621685213,0.5341818589426868,0.0,6,1.0
18119,Indiana,Owen County,5,0.1844389289037908,0.5742784947415303,0.0,5,1.0
18121,Indiana,Parke County,4,0.42196705440506854,0.5520715180079779,25.0,4,1.0
18123,Indiana,Perry County,5,0.1567389706647059,0.4840155195131827,0.0,5,1.0
18125,Indiana,Pike County,4,0.20173833463882246,0.4365193500113703,0.0,4,1.0
18127,Indiana,Porter County,30,0.2216329038397249,0.2813593000482213,16.666666666666664,31,0.967741935483871
18129,Indiana,Posey County,7,0.2322389026364078,0.3318418524609773,14.285714285714285,7,1.0
18131,Indiana,Pulaski County,4,0.6315151383109264,0.5886622711745128,25.0,4,1.0
18133,Indiana,Putnam County,7,0.12691098656854058,0.46167763057943095,14.285714285714285,7,1.0
18135,Indiana,Randolph County,8,0.30036766652080776,0.5542079926538238,37.5,8,1.0
18137,Indiana,Ripley County,6,0.0001414444826639893,0.38862966408170196,0.0,6,1.0
18139,Indiana,Rush County,5,0.15694872173357943,0.5145391681256759,0.0,5,1.0
18141,Indiana,St. Joseph County,74,0.3631872454992676,0.4964706064093223,13.513513513513514,75,0.9866666666666667
18143,Indiana,Scott County,5,0.34723500063073115,0.5732107008322178,20.0,5,1.0
18145,Indiana,Shelby County,10,0.23334002973515897,0.411694766452707,10.0,10,1.0
18147,Indiana,Spencer County,5,0.15747075515522727,0.3955178228970069,0.0,5,1.0
18149,Indiana,Starke County,7,0.24289377693768263,0.5380661575110721,0.0,7,1.0
18151,Indiana,Steuben County,9,0.00010183737552880514,0.37723263647959693,0.0,9,1.0
18153,Indiana,Sullivan County,5,0.3560660711016138,0.5311124428869274,40.0,5,1.0
18155,Indiana,Switzerland County,3,0.5601238669111099,0.5915601540965921,0.0,3,1.0
18157,Indiana,Tippecanoe County,34,0.38432611302766984,0.4119782040824824,29.411764705882355,37,0.918918918918919
18159,Indiana,Tipton County,4,0.00015591392597029326,0.3533835353634981,0.0,4,1.0
18161,Indiana,Union County,2,0.8212266382516706,0.4975143130842593,0.0,2,1.0
18163,Indiana,Vanderburgh County,48,0.4430365681165572,0.5434182035031728,18.75,49,0.9795918367346939
18165,Indiana,Vermillion County,5,0.17843462814398536,0.5039550601898943,0.0,5,1.0
18167,Indiana,Vigo County,27,0.4316397024836291,0.6011778691631923,44.44444444444444,28,0.9642857142857143
18169,Indiana,Wabash County,8,0.20654663494399422,0.5024907049743259,12.5,8,1.0
18171,Indiana,Warren County,2,0.00015243728148605783,0.39570911388633234,0.0,2,1.0
18173,Indiana,Warrick County,11,0.07434297917197692,0.26305412578967546,0.0,11,1.0
18175,Indiana,Washington County,6,0.2770295152677999,0.5359486963627296,0.0,6,1.0
18177,Indiana,Wayne County,17,0.3392939448641028,0.5321043726728703,41.17647058823529,17,1.0
18179,Indiana,Wells County,7,0.12012435835026615,0.3623554104875164,14.285714285714285,7,1.0
18181,Indiana,White County,8,0.09725760829518529,0.4078831161529589,0.0,8,1.0
18183,Indiana,Whitley County,7,0.00017999837646618253,0.3334314804569746,0.0,7,1.0
19001,Iowa,Adair County,3,8.437973131851142e-05,0.37591497451613587,0.0,3,1.0
19003,Iowa,Adams County,2,6.824039923874106e-05,0.39800798884064936,0.0,2,1.0
19005,Iowa,Allamakee County,5,8.664786548350149e-05,0.37124744926692566,0.0,5,1.0
19007,Iowa,Appanoose County,5,0.6140823015810135,0.5506813629435588,20.0,5,1.0
19009,Iowa,Audubon County,3,0.26493217791853685,0.44190189203275215,0.0,3,1.0
19011,Iowa,Benton County,7,0.11145970817657502,0.24914602026644395,0.0,7,1.0
19013,Iowa,Black Hawk County,38,0.359140980309713,0.4608362875369936,26.31578947368421,38,1.0
19015,Iowa,Boone County,7,0.0001288424786034977,0.28794619629189855,0.0,7,1.0
19017,Iowa,Bremer County,8,0.09576600917716879,0.21202972907392054,0.0,8,1.0
19019,Iowa,Buchanan County,6,9.334135425453634e-05,0.3106154571634172,0.0,6,1.0
19021,Iowa,Buena Vista County,6,6.97598893920691e-05,0.3617903928296787,0.0,6,1.0
19023,Iowa,Butler County,5,0.15268300543927363,0.3678774657608116,0.0,5,1.0
19025,Iowa,Calhoun County,4,0.18975612467414604,0.4500794316625365,0.0,4,1.0
19027,Iowa,Carroll County,6,0.00010420991252277887,0.2896692392833265,0.0,6,1.0
19029,Iowa,Cass County,5,8.814578460067626e-05,0.42855308877158904,0.0,5,1.0
19031,Iowa,Cedar County,5,0.00011142500748551054,0.23803157969999478,0.0,5,1.0
19033,Iowa,Cerro Gordo County,11,0.23041194971560122,0.3507588036987301,18.181818181818183,11,1.0
19035,Iowa,Cherokee County,4,8.968170584435346e-05,0.310800499168159,0.0,4,1.0
19037,Iowa,Chickasaw County,4,8.549159815135147e-05,0.27430066968063466,0.0,4,1.0
19039,Iowa,Clarke County,3,0.27877415959548496,0.39925279186743223,0.0,3,1.0
19041,Iowa,Clay County,4,0.21527706655336334,0.42302091068042297,0.0,4,1.0
19043,Iowa,Clayton County,6,8.407281307503795e-05,0.3630463853989571,0.0,6,1.0
19045,Iowa,Clinton County,12,0.2533889642250323,0.4130594869121387,16.666666666666664,12,1.0
19047,Iowa,Crawford County,5,0.15481401325214483,0.3657895320973116,20.0,5,1.0
19049,Iowa,Dallas County,15,0.10040293982757388,0.14901868639580546,6.666666666666667,15,1.0
19051,Iowa,Davis County,2,8.344891894908072e-05,0.254065441726977,0.0,2,1.0
19053,Iowa,Decatur County,3,0.7770837518385828,0.5393986475818074,0.0,3,1.0
19055,Iowa,Delaware County,4,0.00014186170342377332,0.2996026522272474,0.0,4,1.0
19057,Iowa,Des Moines County,11,0.30256263613091683,0.4578965948492772,9.090909090909092,11,1.0
19059,Iowa,Dickinson County,5,0.16099741252277217,0.25664470942536566,0.0,5,1.0
19061,Iowa,Dubuque County,26,0.197786462789185,0.3488982236559075,15.384615384615385,26,1.0
19063,Iowa,Emmet County,4,0.3930705693479998,0.40264563566368655,25.0,4,1.0
19065,Iowa,Fayette County,7,0.3547646536364118,0.47315230387097357,0.0,7,1.0
19067,Iowa,Floyd County,5,0.3383285052585344,0.4150843673081419,20.0,5,1.0
19069,Iowa,Franklin County,3,0.28503052828982506,0.4438306962101188,0.0,3,1.0
19071,Iowa,Fremont County,3,7.730763467430684e-05,0.36072267529765645,0.0,3,1.0
19073,Iowa,Greene County,4,7.255761909387671e-05,0.3668993085762982,0.0,4,1.0
19075,Iowa,Grundy County,4,9.013574069094421e-05,0.24254762594379842,0.0,4,1.0
19077,Iowa,Guthrie County,3,0.28773401491218814,0.3870242491403886,0.0,3,1.0
19079,Iowa,Hamilton County,5,8.86512260376998e-05,0.3210140379618176,0.0,5,1.0
19081,Iowa,Hancock County,4,7.792104739551766e-05,0.3361648702753394,0.0,4,1.0
19083,Iowa,Hardin County,6,8.029462621876852e-05,0.3185012137766945,0.0,6,1.0
19085,Iowa,Harrison County,5,0.15149290202096732,0.31976330145797277,20.0,5,1.0
19087,Iowa,Henry County,5,0.331412667824368,0.472644390672247,20.0,5,1.0
19089,Iowa,Howard County,3,8.389470614894998e-05,0.3535524382355028,0.0,3,1.0
19091,Iowa,Humboldt County,4,0.18702255841492424,0.38442660953080265,0.0,4,1.0
19093,Iowa,Ida County,3,6.748097542928239e-05,0.2832468685711283,0.0,3,1.0
19095,Iowa,Iowa County,4,0.00011965841952458444,0.32417280011317684,0.0,4,1.0
19097,Iowa,Jackson County,6,0.2549717049990288,0.38956363795977617,16.666666666666664,6,1.0
19099,Iowa,Jasper County,9,0.2795778966025771,0.4202977154495696,11.11111111111111,9,1.0
19101,Iowa,Jefferson County,4,0.21441865655274694,0.4956452353703931,0.0,4,1.0
19103,Iowa,Johnson County,23,0.33531584162886663,0.2427598585778788,13.043478260869565,24,0.9583333333333334
19105,Iowa,Jones County,5,0.15786278016130806,0.34269283778730475,20.0,5,1.0
19107,Iowa,Keokuk County,4,8.947262881436116e-05,0.40182947354497395,0.0,4,1.0
19109,Iowa,Kossuth County,6,8.254942271817231e-05,0.3783721267906157,0.0,6,1.0
19111,Iowa,Lee County,11,0.2876894691907958,0.5057427811719885,36.36363636363637,11,1.0
19113,Iowa,Linn County,45,0.2768186072249986,0.33694322470417193,8.88888888888889,45,1.0
19115,Iowa,Louisa County,3,8.507229695544682e-05,0.34908075086123613,0.0,3,1.0
19117,Iowa,Lucas County,4,0.3696717751057931,0.4130334046285103,25.0,4,1.0
19119,Iowa,Lyon County,3,0.00012418365447354718,0.3185167327248628,0.0,3,1.0
19121,Iowa,Madison County,3,0.28330836009161997,0.30537302249166537,33.33333333333333,3,1.0
19123,Iowa,Mahaska County,7,0.32199520031948364,0.4278969987811795,14.285714285714285,7,1.0
19125,Iowa,Marion County,8,0.18943483184065257,0.4018091688736798,0.0,8,1.0
19127,Iowa,Marshall County,10,0.21261097029119042,0.40412067928934414,30.0,10,1.0
19129,Iowa,Mills County,5,7.925558844389468e-05,0.17628304553285726,0.0,5,1.0
19131,Iowa,Mitchell County,3,0.00011072611014549007,0.359494120735768,0.0,3,1.0
19133,Iowa,Monona County,4,0.40524504554546115,0.45516699408969413,0.0,4,1.0
19135,Iowa,Monroe County,3,0.260870289137869,0.4014893325439117,0.0,3,1.0
19137,Iowa,Montgomery County,4,0.1942556692072061,0.5151437509574163,0.0,4,1.0
19139,Iowa,Muscatine County,10,0.31751864202646496,0.38453640167766523,20.0,10,1.0
19141,Iowa,O'Brien County,4,8.290657650307269e-05,0.3296603491122054,0.0,4,1.0
19143,Iowa,Osceola County,2,9.346875994569496e-05,0.39884376500629926,0.0,2,1.0
19145,Iowa,Page County,6,0.252884634156987,0.4462133552531032,33.33333333333333,6,1.0
19147,Iowa,Palo Alto County,4,0.1859451069893892,0.35193987716639935,0.0,4,1.0
19149,Iowa,Plymouth County,6,0.12568028124609879,0.27103933575257716,0.0,6,1.0
19151,Iowa,Pocahontas County,3,7.543735825560837e-05,0.34581946460985397,0.0,3,1.0
19153,Iowa,Polk County,97,0.30588123374661524,0.33393592814488815,9.278350515463918,97,1.0
19155,Iowa,Pottawattamie County,30,0.34272848579179943,0.35406577823071506,16.666666666666664,30,1.0
19157,Iowa,Poweshiek County,5,0.16686960790169753,0.35239840751739926,0.0,5,1.0
19159,Iowa,Ringgold County,2,8.91282107455394e-05,0.44708993519305085,0.0,2,1.0
19161,Iowa,Sac County,4,8.62224525796227e-05,0.3710820274926514,0.0,4,1.0
19163,Iowa,Scott County,47,0.2744023498971291,0.38176623475332677,4.25531914893617,47,1.0
19165,Iowa,Shelby County,4,8.887601217914373e-05,0.32142771275744764,0.0,4,1.0
19167,Iowa,Sioux County,7,0.00012593367418987895,0.25492828750384433,0.0,7,1.0
19169,Iowa,Story County,19,0.22520432728559187,0.24738438601130983,15.789473684210526,20,0.95
19171,Iowa,Tama County,6,0.2543699581494147,0.3649315220302098,16.666666666666664,6,1.0
19173,Iowa,Taylor County,3,0.24778231888476399,0.42392695253387985,0.0,3,1.0
19175,Iowa,Union County,4,0.21687237699302261,0.4150835139229695,0.0,4,1.0
19177,Iowa,Van Buren County,2,0.43408461577315577,0.49478219601416307,50.0,2,1.0
19179,Iowa,Wapello County,11,0.42276549493716825,0.5407819160075935,45.45454545454545,11,1.0
19181,Iowa,Warren County,12,0.0001029043982967198,0.1797174692985464,0.0,12,1.0
19183,Iowa,Washington County,5,0.3350732066454153,0.3377024102247656,20.0,5,1.0
19185,Iowa,Wayne County,3,0.23489357862854734,0.49578829466435764,33.33333333333333,3,1.0
19187,Iowa,Webster County,12,0.3043438222227213,0.5313677125117539,16.666666666666664,12,1.0
19189,Iowa,Winnebago County,3,0.00010568982754884043,0.39028040065516584,0.0,3,1.0
19191,Iowa,Winneshiek County,5,0.00012256105495469784,0.2780327856526824,0.0,5,1.0
19193,Iowa,Woodbury County,25,0.31872006155153493,0.4320401958675049,12.0,25,1.0
19195,Iowa,Worth County,3,7.423060812941607e-05,0.3435135199271288,0.0,3,1.0
19197,Iowa,Wright County,5,0.3114002932998545,0.4417140805622485,20.0,5,1.0
20001,Kansas,Allen County,5,0.322745813722927,0.4861057717742952,0.0,5,1.0
20003,Kansas,Anderson County,2,0.0001226672750984223,0.45189318662078853,0.0,2,1.0
20005,Kansas,Atchison County,4,0.4105449367137789,0.4488606937886207,25.0,4,1.0
20007,Kansas,Barber County,2,7.593360688019854e-05,0.4526688991535359,0.0,2,1.0
20009,Kansas,Barton County,8,0.28471651856848684,0.42265518644997546,12.5,8,1.0
20011,Kansas,Bourbon County,5,0.6445346296796348,0.5741306293478995,40.0,5,1.0
20013,Kansas,Brown County,3,0.8121508730177297,0.5451349030048512,33.33333333333333,3,1.0
20015,Kansas,Butler County,13,0.18024659377375765,0.34653029046923906,7.6923076923076925,13,1.0
20017,Kansas,Chase County,1,8.18030339879278e-05,0.4549075458891166,0.0,1,1.0
20019,Kansas,Chautauqua County,1,0.826404237283492,0.5862425456619498,100.0,1,1.0
20021,Kansas,Cherokee County,6,0.6666137086690125,0.5679260692392448,50.0,6,1.0
20023,Kansas,Cheyenne County,1,8.590164786000423e-05,0.423307648156336,0.0,1,1.0
20025,Kansas,Clark County,1,7.140910139565237e-05,0.35726702154400636,0.0,1,1.0
20027,Kansas,Clay County,2,0.000152136874850706,0.4234009657727362,0.0,2,1.0
20029,Kansas,Cloud County,4,0.39346193769415955,0.48405676215528215,25.0,4,1.0
20031,Kansas,Coffey County,3,8.222942525311208e-05,0.3104260171546319,0.0,3,1.0
20033,Kansas,Comanche County,1,6.42985993803081e-05,0.26312701531140414,0.0,1,1.0
20035,Kansas,Cowley County,11,0.4173887955394024,0.5232494004736264,27.27272727272727,11,1.0
20037,Kansas,Crawford County,11,0.4181369066895858,0.5138830873981477,27.27272727272727,11,1.0
20039,Kansas,Decatur County,2,0.7363886910099496,0.41770177589040614,50.0,2,1.0
20041,Kansas,Dickinson County,6,0.27162833867955083,0.450252586008049,0.0,6,1.0
20043,Kansas,Doniphan County,3,7.95332514936216e-05,0.39040181216501174,0.0,3,1.0
20045,Kansas,Douglas County,21,0.4382532702553017,0.30574142159091083,23.809523809523807,22,0.9545454545454546
20047,Kansas,Edwards County,2,0.3473448267388678,0.4363644973938337,0.0,2,1.0
20049,Kansas,Elk County,1,0.7953251087905093,0.5523114295585347,100.0,1,1.0
20051,Kansas,Ellis County,6,0.14391249529573796,0.326154250796816,16.666666666666664,6,1.0
20053,Kansas,Ellsworth County,2,8.139983981837642e-05,0.3538833505212471,0.0,2,1.0
20055,Kansas,Finney County,12,0.22844355209687014,0.3732582353180888,16.666666666666664,12,1.0
20057,Kansas,Ford County,7,0.40367407343780615,0.4200529602338375,28.57142857142857,7,1.0
20059,Kansas,Franklin County,5,0.16720471184427937,0.43395805020232353,20.0,5,1.0
20061,Kansas,Geary County,8,0.5959447667597684,0.554098044007856,62.5,8,1.0
20063,Kansas,Gove County,2,0.37677845024594747,0.4269749412081302,50.0,2,1.0
20065,Kansas,Graham County,2,0.7111555196288403,0.4805813044272398,50.0,2,1.0
20067,Kansas,Grant County,2,6.801897897323967e-05,0.2964429104806396,0.0,2,1.0
20069,Kansas,Gray County,2,7.424330296941416e-05,0.2841530677015467,0.0,2,1.0
20071,Kansas,Greeley County,1,4.7198313317397876e-05,0.3891438037211857,0.0,1,1.0
20073,Kansas,Greenwood County,3,0.26454511154624033,0.4949482257261268,0.0,3,1.0
20075,Kansas,Hamilton County,1,0.7342528235862597,0.5460117313594173,0.0,1,1.0
20077,Kansas,Harper County,3,0.501577137159129,0.4906864608747928,33.33333333333333,3,1.0
20079,Kansas,Harvey County,6,0.14176810354485989,0.384357550843238,0.0,6,1.0
20081,Kansas,Haskell County,1,9.355349492086626e-05,0.46311700189493055,0.0,1,1.0
20083,Kansas,Hodgeman County,1,6.35005433443829e-05,0.31510807800511614,0.0,1,1.0
20085,Kansas,Jackson County,3,0.26973934267924243,0.3655644230300589,33.33333333333333,3,1.0
20087,Kansas,Jefferson County,4,0.00016732210317744087,0.3240061282544697,0.0,4,1.0
20089,Kansas,Jewell County,2,0.7395618013805354,0.583409388786533,50.0,2,1.0
20091,Kansas,Johnson County,127,0.08331685500103463,0.14985871920458074,0.7874015748031495,130,0.9769230769230769
20093,Kansas,Kearny County,1,0.8186732299869482,0.5582312179536189,0.0,1,1.0
20095,Kansas,Kingman County,3,8.12176210916841e-05,0.31992096474311604,0.0,3,1.0
20097,Kansas,Kiowa County,1,6.949357499853114e-05,0.3718571298824039,0.0,1,1.0
20099,Kansas,Labette County,8,0.38201666593526645,0.5525249246108763,12.5,8,1.0
20101,Kansas,Lane County,1,5.9545681772476e-05,0.3363717578643457,0.0,1,1.0
20103,Kansas,Leavenworth County,16,0.19206792060191985,0.30123993529689175,18.75,16,1.0
20105,Kansas,Lincoln County,1,0.00010725966893893404,0.4305927848581987,0.0,1,1.0
20107,Kansas,Linn County,2,0.8833032681409927,0.5543839259133644,50.0,2,1.0
20109,Kansas,Logan County,1,8.734566858699028e-05,0.3776729748492527,0.0,1,1.0
20111,Kansas,Lyon County,8,0.3625174824406947,0.4333262636933747,25.0,8,1.0
20113,Kansas,McPherson County,7,0.0001348908469740059,0.34423667427095106,0.0,7,1.0
20115,Kansas,Marion County,4,0.18767360121490587,0.43337139244606426,25.0,4,1.0
20117,Kansas,Marshall County,4,7.72223063602984e-05,0.3973345377200402,0.0,4,1.0
20119,Kansas,Meade County,2,6.567276181239961e-05,0.37274864507557365,0.0,2,1.0
20121,Kansas,Miami County,8,0.11307102983157447,0.2283352558476458,12.5,8,1.0
20123,Kansas,Mitchell County,2,0.0001195387149279552,0.4955049156498356,0.0,2,1.0
20125,Kansas,Montgomery County,13,0.5229133467758302,0.6539010760766294,23.076923076923077,13,1.0
20127,Kansas,Morris County,2,0.35977475235906914,0.38029915179654095,0.0,2,1.0
20129,Kansas,Morton County,1,0.7647143354997413,0.4519052302801506,100.0,1,1.0
20131,Kansas,Nemaha County,3,0.00010240474594254869,0.2841149642591915,0.0,3,1.0
20133,Kansas,Neosho County,5,0.4622006951349936,0.5512333080889064,20.0,5,1.0
20135,Kansas,Ness County,2,0.3666892146412882,0.4450822228071445,50.0,2,1.0
20137,Kansas,Norton County,1,0.0002306585036973525,0.584937102640236,0.0,1,1.0
20139,Kansas,Osage County,5,0.00010336512200310197,0.4192074110943674,0.0,5,1.0
20141,Kansas,Osborne County,1,0.00013768338566355533,0.4361378574970042,0.0,1,1.0
20143,Kansas,Ottawa County,2,9.673616243866779e-05,0.36579201821348994,0.0,2,1.0
20145,Kansas,Pawnee County,2,0.438159382201014,0.5163567060116274,50.0,2,1.0
20147,Kansas,Phillips County,3,0.23040449298901464,0.4449628744972342,33.33333333333333,3,1.0
20149,Kansas,Pottawatomie County,4,0.00016867393473831463,0.30987107736598674,0.0,4,1.0
20151,Kansas,Pratt County,3,0.278722729693409,0.36469662147427945,33.33333333333333,3,1.0
20153,Kansas,Rawlins County,1,7.305653300393718e-05,0.3644389875001023,0.0,1,1.0
20155,Kansas,Reno County,17,0.37621407186517686,0.5002944683917067,5.88235294117647,17,1.0
20157,Kansas,Republic County,3,5.793265756809056e-05,0.3495690293873996,0.0,3,1.0
20159,Kansas,Rice County,3,0.270295707315167,0.45353359817765276,33.33333333333333,3,1.0
20161,Kansas,Riley County,13,0.4724707553945358,0.41939973021212096,38.46153846153847,13,1.0
20163,Kansas,Rooks County,2,0.3751550451369098,0.44493967895570175,0.0,2,1.0
20165,Kansas,Rush County,2,6.205527885257578e-05,0.39108091130377765,0.0,2,1.0
20167,Kansas,Russell County,2,0.00011001324347808763,0.42207619298750965,0.0,2,1.0
20169,Kansas,Saline County,12,0.31281407950945267,0.40350078022057295,16.666666666666664,12,1.0
20171,Kansas,Scott County,1,0.00013972321715759805,0.22815960028366583,0.0,1,1.0
20173,Kansas,Sedgwick County,124,0.3506273253257038,0.4351711860914314,22.58064516129032,124,1.0
20175,Kansas,Seward County,5,0.5414141964056052,0.5281892207608121,40.0,5,1.0
20177,Kansas,Shawnee County,43,0.2782601380499099,0.4024022048767729,25.581395348837212,43,1.0
20179,Kansas,Sheridan County,2,4.6655055060632573e-05,0.2644061512969009,0.0,2,1.0
20181,Kansas,Sherman County,2,0.7903079638596573,0.5860705709650644,100.0,2,1.0
20183,Kansas,Smith County,2,0.37748336832495905,0.5337950463671789,0.0,2,1.0
20185,Kansas,Stafford County,2,7.141493761263993e-05,0.4236689468015593,0.0,2,1.0
20187,Kansas,Stanton County,1,5.4287818153656806e-05,0.3795993890866994,0.0,1,1.0
20189,Kansas,Stevens County,2,0.39848532206842907,0.3422129849338682,50.0,2,1.0
20191,Kansas,Sumner County,6,0.00012055475981340284,0.37686587775469826,0.0,6,1.0
20193,Kansas,Thomas County,2,0.00014201716567632623,0.3628812130889145,0.0,2,1.0
20195,Kansas,Trego County,1,0.00010644813162112495,0.3590556396735652,0.0,1,1.0
20197,Kansas,Wabaunsee County,2,0.00010396104244611592,0.2997508009032991,0.0,2,1.0
20199,Kansas,Wallace County,1,5.2434153323011994e-05,0.18372754399402544,0.0,1,1.0
20201,Kansas,Washington County,2,0.41764753656358106,0.5037711599881215,50.0,2,1.0
20203,Kansas,Wichita County,1,5.1244775692970386e-05,0.2883871727754849,0.0,1,1.0
20205,Kansas,Wilson County,4,0.19891248125276442,0.4816959486345964,0.0,4,1.0
20207,Kansas,Woodson County,2,0.7539343581104101,0.6304491388711826,50.0,2,1.0
20209,Kansas,Wyandotte County,61,0.5543750086562038,0.5807984890589899,39.34426229508197,67,0.9104477611940298
21001,Kentucky,Adair County,7,0.6787025590545014,0.7243821402570273,14.285714285714285,7,1.0
21003,Kentucky,Allen County,6,0.4113645511374823,0.5878261161760894,0.0,6,1.0
21005,Kentucky,Anderson County,5,0.00017165997406636034,0.41147060191662305,0.0,5,1.0
21007,Kentucky,Ballard County,3,0.2571891024679351,0.5552861699282441,0.0,3,1.0
21009,Kentucky,Barren County,10,0.6862879287352405,0.686321397109755,30.0,10,1.0
21011,Kentucky,Bath County,3,0.8365455847526898,0.7445516604088948,0.0,3,1.0
21013,Kentucky,Bell County,9,0.8204979442673073,0.8615318507815043,33.33333333333333,9,1.0
21015,Kentucky,Boone County,21,0.16336801947262666,0.24169085011311325,14.285714285714285,21,1.0
21017,Kentucky,Bourbon County,6,0.4131471087686371,0.45749237263469994,33.33333333333333,6,1.0
21019,Kentucky,Boyd County,13,0.3531218887734238,0.604856528420573,38.46153846153847,13,1.0
21021,Kentucky,Boyle County,7,0.2375409926388843,0.5521139098507766,14.285714285714285,7,1.0
21023,Kentucky,Bracken County,3,0.5432875628237621,0.43015098533982776,0.0,3,1.0
21025,Kentucky,Breathitt County,7,0.7601228999282663,0.8250423952264032,14.285714285714285,7,1.0
21027,Kentucky,Breckinridge County,6,0.2671698716499618,0.48288296126182706,0.0,6,1.0
21029,Kentucky,Bullitt County,17,0.10662416492822759,0.3753326427545888,5.88235294117647,17,1.0
21031,Kentucky,Butler County,5,0.31938469392961155,0.5586133073075654,20.0,5,1.0
21033,Kentucky,Caldwell County,3,0.26294545895130333,0.6081446318485471,0.0,3,1.0
21035,Kentucky,Calloway County,9,0.2744798891759718,0.5663529079052565,11.11111111111111,9,1.0
21037,Kentucky,Campbell County,25,0.13424969640903284,0.329818319931229,4.0,25,1.0
21039,Kentucky,Carlisle County,3,0.509103443068932,0.5719660472989007,0.0,3,1.0
21041,Kentucky,Carroll County,3,0.5661982017044823,0.6466558017580322,0.0,3,1.0
21043,Kentucky,Carter County,7,0.7338771030075704,0.7837385395666453,14.285714285714285,7,1.0
21045,Kentucky,Casey County,5,0.8352185674709951,0.7918083883243823,40.0,5,1.0
21047,Kentucky,Christian County,17,0.42295744617626796,0.6174044717889169,35.294117647058826,18,0.9444444444444444
21049,Kentucky,Clark County,10,0.24005746606968784,0.4361466113672458,10.0,10,1.0
21051,Kentucky,Clay County,6,0.8340010781956897,0.8740945881490402,66.66666666666666,6,1.0
21053,Kentucky,Clinton County,3,0.8419992236077478,0.8051145816750561,0.0,3,1.0
21055,Kentucky,Crittenden County,4,7.329109299854718e-05,0.4860077826286088,0.0,4,1.0
21057,Kentucky,Cumberland County,2,0.8171115916560634,0.7149655584631315,0.0,2,1.0
21059,Kentucky,Daviess County,23,0.27551770816715937,0.4742650754512918,4.3478260869565215,23,1.0
21061,Kentucky,Edmonson County,3,0.2889274320426498,0.6689773898334558,0.0,4,0.75
21063,Kentucky,Elliott County,2,0.8851893984489139,0.8990076589896652,0.0,2,1.0
21065,Kentucky,Estill County,4,0.8444298494034552,0.8328097160190782,0.0,4,1.0
21067,Kentucky,Fayette County,80,0.2861938306936969,0.37715599797888427,13.750000000000002,82,0.975609756097561
21069,Kentucky,Fleming County,4,0.43274888161361674,0.6530045227210394,25.0,4,1.0
21071,Kentucky,Floyd County,10,0.8475488704259059,0.8277988612004066,10.0,10,1.0
21073,Kentucky,Franklin County,11,0.15436938525837232,0.411466536132296,18.181818181818183,11,1.0
21075,Kentucky,Fulton County,2,0.7754163610520927,0.7012355381016273,0.0,2,1.0
21077,Kentucky,Gallatin County,2,0.8264620016323514,0.5775513882857395,0.0,2,1.0
21079,Kentucky,Garrard County,4,0.4241175913742076,0.6025916720844479,0.0,4,1.0
21081,Kentucky,Grant County,4,0.8981028727084777,0.6678634421273543,25.0,4,1.0
21083,Kentucky,Graves County,9,0.2736684568931974,0.5258888868612721,22.22222222222222,9,1.0
21085,Kentucky,Grayson County,7,0.6150477474263817,0.7221641622631785,28.57142857142857,7,1.0
21087,Kentucky,Green County,4,0.4126871521423293,0.6080806293094003,0.0,4,1.0
21089,Kentucky,Greenup County,9,0.2924189562444477,0.5893353618240824,11.11111111111111,9,1.0
21091,Kentucky,Hancock County,3,0.26706349445739025,0.488959466004749,0.0,3,1.0
21093,Kentucky,Hardin County,21,0.3351293246760547,0.506116002598871,23.809523809523807,22,0.9545454545454546
21095,Kentucky,Harlan County,11,0.786634730854453,0.8127192173968264,9.090909090909092,11,1.0
21097,Kentucky,Harrison County,5,0.32275761554224947,0.5203458742067153,20.0,5,1.0
21099,Kentucky,Hart County,5,0.6294072825558287,0.6220369307252301,20.0,5,1.0
21101,Kentucky,Henderson County,11,0.3941958984360781,0.6386274721124564,9.090909090909092,11,1.0
21103,Kentucky,Henry County,5,0.4998547906708227,0.5568505083109254,0.0,5,1.0
21105,Kentucky,Hickman County,1,0.00016884471881624578,0.6250707762986794,0.0,1,1.0
21107,Kentucky,Hopkins County,12,0.2691336793315337,0.5777925052193869,8.333333333333332,12,1.0
21109,Kentucky,Jackson County,3,0.8774352080995033,0.8296575634764807,33.33333333333333,3,1.0
21111,Kentucky,Jefferson County,189,0.3244050982727541,0.42782544564897723,12.16931216931217,190,0.9947368421052631
21113,Kentucky,Jessamine County,9,0.29218835384845465,0.5442959199317445,11.11111111111111,9,1.0
21115,Kentucky,Johnson County,6,0.6868773709804844,0.7147379208965327,16.666666666666664,6,1.0
21117,Kentucky,Kenton County,41,0.2589073441482809,0.3546722349815897,9.75609756097561,41,1.0
21119,Kentucky,Knott County,5,0.8259079683359565,0.8453847685925897,0.0,5,1.0
21121,Kentucky,Knox County,8,0.8534350718827519,0.8587403140427802,37.5,8,1.0
21123,Kentucky,Larue County,4,0.6568070378594346,0.6903057273815039,25.0,4,1.0
21125,Kentucky,Laurel County,13,0.7365052197184845,0.6949579871311086,30.76923076923077,13,1.0
21127,Kentucky,Lawrence County,5,0.6758304032324184,0.7842528952665134,20.0,5,1.0
21129,Kentucky,Lee County,3,0.7977721398437199,0.8371454291691959,0.0,3,1.0
21131,Kentucky,Leslie County,3,0.8398168264779896,0.8405545536035506,33.33333333333333,3,1.0
21133,Kentucky,Letcher County,7,0.8473120435981972,0.8621439956958861,0.0,7,1.0
21135,Kentucky,Lewis County,4,0.8380045730573957,0.7758413312973518,0.0,4,1.0
21137,Kentucky,Lincoln County,6,0.7067558084271782,0.7276042338009816,33.33333333333333,6,1.0
21139,Kentucky,Livingston County,2,0.40192178676940093,0.6542944315191664,50.0,2,1.0
21141,Kentucky,Logan County,6,0.15370512022148206,0.5617511963195924,0.0,6,1.0
21143,Kentucky,Lyon County,2,0.0002585854168163282,0.5671383718137291,0.0,2,1.0
21145,Kentucky,McCracken County,17,0.3054435742130189,0.5406365526111414,35.294117647058826,17,1.0
21147,Kentucky,McCreary County,4,0.8515466385385166,0.8692265567279327,0.0,4,1.0
21149,Kentucky,McLean County,3,0.2800810540873167,0.5324889552766147,0.0,3,1.0
21151,Kentucky,Madison County,18,0.42730029744646725,0.5275968878006486,38.88888888888889,19,0.9473684210526315
21153,Kentucky,Magoffin County,4,0.8275818633454566,0.8312589771416317,0.0,4,1.0
21155,Kentucky,Marion County,6,0.4164882151485793,0.5713593755752607,16.666666666666664,6,1.0
21157,Kentucky,Marshall County,6,0.00019509611002765186,0.4799464517392363,0.0,6,1.0
21159,Kentucky,Martin County,3,0.8226816210815472,0.8006547390236417,0.0,3,1.0
21161,Kentucky,Mason County,5,0.14486343557546552,0.47242031546948765,0.0,5,1.0
21163,Kentucky,Meade County,7,0.09585040777109874,0.4099125112233067,14.285714285714285,8,0.875
21165,Kentucky,Menifee County,2,0.8236215105042012,0.7166510589125165,0.0,2,1.0
21167,Kentucky,Mercer County,5,0.3478619274610448,0.45899502684149585,20.0,5,1.0
21169,Kentucky,Metcalfe County,3,0.8549119198378108,0.7740171952617403,0.0,3,1.0
21171,Kentucky,Monroe County,4,0.5933709782824432,0.634758963043378,0.0,4,1.0
21173,Kentucky,Montgomery County,6,0.5958744899566596,0.6520370965716373,16.666666666666664,6,1.0
21175,Kentucky,Morgan County,5,0.6635978967499163,0.7627780921972775,20.0,5,1.0
21177,Kentucky,Muhlenberg County,9,0.36812377100096666,0.624389747180991,0.0,9,1.0
21179,Kentucky,Nelson County,9,0.00013875302735471558,0.40340536450703546,0.0,9,1.0
21181,Kentucky,Nicholas County,2,0.8128949710541282,0.6231880472648292,0.0,2,1.0
21183,Kentucky,Ohio County,7,0.4621444293046211,0.6921503636736696,14.285714285714285,7,1.0
21185,Kentucky,Oldham County,14,0.0001034964244187189,0.12260016710309492,0.0,14,1.0
21187,Kentucky,Owen County,3,0.29787054584512773,0.615096545807081,0.0,3,1.0
21189,Kentucky,Owsley County,2,0.8156018177692972,0.7690132543202519,0.0,2,1.0
21191,Kentucky,Pendleton County,3,0.5705077928195058,0.6094595265151538,0.0,3,1.0
21193,Kentucky,Perry County,8,0.6118248002954159,0.7668340960270219,0.0,8,1.0
21195,Kentucky,Pike County,19,0.7466712116666174,0.7631969409699575,0.0,19,1.0
21197,Kentucky,Powell County,2,0.928674787386486,0.8274576714985711,0.0,2,1.0
21199,Kentucky,Pulaski County,14,0.597838159736915,0.7158870988738852,14.285714285714285,14,1.0
21201,Kentucky,Robertson County,1,0.79559317430815,0.5699519244199538,100.0,1,1.0
21203,Kentucky,Rockcastle County,4,0.6289819601338955,0.6827194043978226,0.0,4,1.0
21205,Kentucky,Rowan County,4,0.6726259982639041,0.6894458031924663,0.0,4,1.0
21207,Kentucky,Russell County,5,0.8375757855180295,0.7366225923766136,20.0,5,1.0
21209,Kentucky,Scott County,14,0.17252373061516324,0.28604835214008967,14.285714285714285,14,1.0
21211,Kentucky,Shelby County,9,0.16945456953360288,0.3605235773111175,0.0,9,1.0
21213,Kentucky,Simpson County,4,0.22297837554686903,0.5493854018350082,0.0,4,1.0
21215,Kentucky,Spencer County,4,0.00013694572154890837,0.22911698920183343,0.0,4,1.0
21217,Kentucky,Taylor County,5,0.6939020322620311,0.6830458137248892,20.0,5,1.0
21219,Kentucky,Todd County,4,0.3820209097015134,0.6011170350387601,25.0,4,1.0
21221,Kentucky,Trigg County,3,0.00017238283472685646,0.5180542306843812,0.0,5,0.6
21223,Kentucky,Trimble County,2,0.4461732925347629,0.5549208955719375,0.0,2,1.0
21225,Kentucky,Union County,4,0.41976216699355673,0.6722438425232602,25.0,4,1.0
21227,Kentucky,Warren County,24,0.33035680189503364,0.5079147197695255,16.666666666666664,24,1.0
21229,Kentucky,Washington County,3,0.2773232178235171,0.5111888814221562,33.33333333333333,3,1.0
21231,Kentucky,Wayne County,5,0.8456685378000925,0.7621561573653527,40.0,5,1.0
21233,Kentucky,Webster County,4,0.41203747603290797,0.6533336766156834,0.0,4,1.0
21235,Kentucky,Whitley County,8,0.6738392731022734,0.756593050810951,12.5,8,1.0
21237,Kentucky,Wolfe County,2,0.7824366747717348,0.8203072136311349,0.0,2,1.0
21239,Kentucky,Woodford County,8,0.10166800710908876,0.27549500710956104,12.5,8,1.0
22001,Louisiana,Acadia Parish,12,0.5907367377346395,0.6460762528228301,25.0,12,1.0
22003,Louisiana,Allen Parish,5,0.5070994678740224,0.6890700353540913,40.0,5,1.0
22005,Louisiana,Ascension Parish,14,0.19232291518990946,0.38651783319535465,14.285714285714285,14,1.0
22007,Louisiana,Assumption Parish,6,0.2802505750292301,0.6176048187300212,0.0,6,1.0
22009,Louisiana,Avoyelles Parish,9,0.5878368769946691,0.6989002747376593,22.22222222222222,9,1.0
22011,Louisiana,Beauregard Parish,7,0.23515236117024238,0.5306394047931884,14.285714285714285,7,1.0
22013,Louisiana,Bienville Parish,5,0.6428452140280698,0.7536166255353248,40.0,5,1.0
22015,Louisiana,Bossier Parish,22,0.4157693706511965,0.5880794085807072,27.27272727272727,22,1.0
22017,Louisiana,Caddo Parish,63,0.5042376693945846,0.6297631893912515,39.682539682539684,63,1.0
22019,Louisiana,Calcasieu Parish,42,0.3335118898220297,0.5321577991646971,21.428571428571427,42,1.0
22021,Louisiana,Caldwell Parish,3,0.8205000543798645,0.6859842451667469,0.0,3,1.0
22023,Louisiana,Cameron Parish,2,0.00012843060610311403,0.4226320726432784,0.0,2,1.0
22025,Louisiana,Catahoula Parish,3,0.5653218780910458,0.6387559394747336,33.33333333333333,3,1.0
22027,Louisiana,Claiborne Parish,5,0.6978943397975472,0.8367555067230994,40.0,5,1.0
22029,Louisiana,Concordia Parish,5,0.5305331169549214,0.6942554811596244,40.0,5,1.0
22031,Louisiana,De Soto Parish,7,0.5974383394682379,0.72306737080293,28.57142857142857,7,1.0
22033,Louisiana,East Baton Rouge Parish,89,0.4082558000554486,0.5165716400176054,28.08988764044944,91,0.978021978021978
22035,Louisiana,East Carroll Parish,3,0.8117667253952611,0.8387830303793145,100.0,3,1.0
22037,Louisiana,East Feliciana Parish,5,0.370356010421927,0.6085995375989943,0.0,5,1.0
22039,Louisiana,Evangeline Parish,8,0.728929104033549,0.7772369380231683,12.5,8,1.0
22041,Louisiana,Franklin Parish,6,0.5549576043255814,0.7236664234522284,66.66666666666666,6,1.0
22043,Louisiana,Grant Parish,5,0.4949879600762118,0.7307974784558029,40.0,5,1.0
22045,Louisiana,Iberia Parish,15,0.5576148057522744,0.6348891847576009,6.666666666666667,15,1.0
22047,Louisiana,Iberville Parish,7,0.5987087344492569,0.6543092800377723,14.285714285714285,7,1.0
22049,Louisiana,Jackson Parish,5,0.47298411414070857,0.6671248375676179,40.0,5,1.0
22051,Louisiana,Jefferson Parish,124,0.27652099444387934,0.4313759310029471,12.096774193548388,124,1.0
22053,Louisiana,Jefferson Davis Parish,7,0.3600160381785778,0.6522996870173089,14.285714285714285,7,1.0
22055,Louisiana,Lafayette Parish,42,0.37149320453014134,0.4780436796816573,21.428571428571427,42,1.0
22057,Louisiana,Lafourche Parish,23,0.13789595736974763,0.45503840750046154,8.695652173913043,23,1.0
22059,Louisiana,LaSalle Parish,3,0.6126947762488557,0.714536597255313,33.33333333333333,3,1.0
22061,Louisiana,Lincoln Parish,10,0.5755424743284798,0.635690736254727,50.0,10,1.0
22063,Louisiana,Livingston Parish,17,0.1516020802456084,0.45841391572956747,5.88235294117647,17,1.0
22065,Louisiana,Madison Parish,5,0.6486566542450755,0.820386146375004,0.0,5,1.0
22067,Louisiana,Morehouse Parish,8,0.5220950341631474,0.7160123721608401,50.0,8,1.0
22069,Louisiana,Natchitoches Parish,9,0.7737688264174298,0.777482011911673,55.55555555555556,9,1.0
22071,Louisiana,Orleans Parish,169,0.40860690979396874,0.4930637089965063,13.017751479289942,175,0.9657142857142857
22073,Louisiana,Ouachita Parish,39,0.48638660820491636,0.660595746324156,23.076923076923077,40,0.975
22075,Louisiana,Plaquemines Parish,8,0.550658466069673,0.6345055400845429,62.5,8,1.0
22077,Louisiana,Pointe Coupee Parish,6,0.282891771956672,0.5159906943673739,16.666666666666664,6,1.0
22079,Louisiana,Rapides Parish,32,0.38809882019133096,0.6276531392815404,40.625,33,0.9696969696969697
22081,Louisiana,Red River Parish,2,0.4392210867115637,0.7167640543573024,0.0,2,1.0
22083,Louisiana,Richland Parish,6,0.5755834032551271,0.7103134280359692,33.33333333333333,6,1.0
22085,Louisiana,Sabine Parish,7,0.3404993307430895,0.6368197591775392,28.57142857142857,7,1.0
22087,Louisiana,St. Bernard Parish,17,0.436370114564871,0.5553509431799548,23.52941176470588,17,1.0
22089,Louisiana,St. Charles Parish,13,0.2556558848277105,0.3808140764438241,23.076923076923077,13,1.0
22091,Louisiana,St. Helena Parish,2,0.47631925121639246,0.7342095730605409,0.0,2,1.0
22093,Louisiana,St. James Parish,7,0.4547657846951411,0.4928785250983733,0.0,7,1.0
22095,Louisiana,St. John the Baptist Parish,11,0.4664211356863573,0.6349230446056393,27.27272727272727,11,1.0
22097,Louisiana,St. Landry Parish,19,0.6661989425664635,0.7599206320940591,36.84210526315789,19,1.0
22099,Louisiana,St. Martin Parish,11,0.1683789770849929,0.5906542790160458,9.090909090909092,11,1.0
22101,Louisiana,St. Mary Parish,16,0.5936635185649465,0.6746478581860905,25.0,16,1.0
22103,Louisiana,St. Tammany Parish,42,0.1222174420417744,0.34198343619066124,9.523809523809524,42,1.0
22105,Louisiana,Tangipahoa Parish,19,0.42968339300279873,0.7171578525561536,26.31578947368421,20,0.95
22107,Louisiana,Tensas Parish,3,0.7779535776873548,0.85301181415963,100.0,3,1.0
22109,Louisiana,Terrebonne Parish,21,0.35055383242821897,0.572904414772535,14.285714285714285,21,1.0
22111,Louisiana,Union Parish,6,0.28010624036841175,0.5736764705165319,33.33333333333333,6,1.0
22113,Louisiana,Vermilion Parish,12,0.33881196028502597,0.5698964742018587,25.0,12,1.0
22115,Louisiana,Vernon Parish,11,0.43399516120946413,0.5522453170173847,54.54545454545454,12,0.9166666666666666
22117,Louisiana,Washington Parish,11,0.7134144076492517,0.796851721040471,27.27272727272727,11,1.0
22119,Louisiana,Webster Parish,11,0.7831554503955332,0.7964957377741715,72.72727272727273,11,1.0
22121,Louisiana,West Baton Rouge Parish,5,0.3305041575774881,0.48452407659432983,20.0,5,1.0
22123,Louisiana,West Carroll Parish,3,0.872868249710948,0.7394553947913031,0.0,3,1.0
22125,Louisiana,West Feliciana Parish,3,0.0004122226844142257,0.45228527573781224,0.0,3,1.0
22127,Louisiana,Winn Parish,4,0.6417363680670135,0.773967985998811,25.0,4,1.0
23001,Maine,Androscoggin County,28,0.2427424769202962,0.48970861812098604,3.571428571428571,28,1.0
23003,Maine,Aroostook County,24,0.6309336224445984,0.6190008583539355,25.0,24,1.0
23005,Maine,Cumberland County,66,0.1738729172785008,0.21524518665268913,4.545454545454546,66,1.0
23007,Maine,Franklin County,9,0.18335490296140564,0.494266632420846,0.0,9,1.0
23009,Maine,Hancock County,17,0.1445629799015713,0.3779983157030469,11.76470588235294,17,1.0
23011,Maine,Kennebec County,31,0.16145212467189926,0.42335385369874967,3.225806451612903,31,1.0
23013,Maine,Knox County,10,0.07481797806913656,0.3868199148383672,0.0,10,1.0
23015,Maine,Lincoln County,9,0.09766840956903704,0.4201431127833402,0.0,9,1.0
23017,Maine,Oxford County,17,0.4328916334222614,0.5584632859172186,11.76470588235294,17,1.0
23019,Maine,Penobscot County,46,0.37558829158612267,0.4917325618182028,17.391304347826086,46,1.0
23021,Maine,Piscataquis County,8,0.4834698516162378,0.5944043580093592,0.0,8,1.0
23023,Maine,Sagadahoc County,8,0.19804510864576358,0.29006444202616904,12.5,8,1.0
23025,Maine,Somerset County,17,0.4688008104179819,0.599950992246089,5.88235294117647,17,1.0
23027,Maine,Waldo County,8,0.22075925814289332,0.5288901256372851,0.0,8,1.0
23029,Maine,Washington County,13,0.4719763833766529,0.59766590562721,7.6923076923076925,13,1.0
23031,Maine,York County,40,0.1872608113211691,0.2975719503315911,10.0,40,1.0
24001,Maryland,Allegany County,23,0.7198730550975251,0.5241653114857747,39.130434782608695,23,1.0
24003,Maryland,Anne Arundel County,102,0.15754403799891595,0.12473610492159173,9.803921568627452,104,0.9807692307692307
24005,Maryland,Baltimore County,209,0.2526139467298923,0.20658356526647206,11.004784688995215,211,0.990521327014218
24009,Maryland,Calvert County,18,0.09282583742085561,0.0731210921493493,5.555555555555555,18,1.0
24011,Maryland,Caroline County,9,0.6328742593035714,0.43546129416072865,22.22222222222222,9,1.0
24013,Maryland,Carroll County,38,0.040452284005675125,0.08337619863087427,2.631578947368421,38,1.0
24015,Maryland,Cecil County,19,0.26137258390318263,0.23083703046044077,26.31578947368421,19,1.0
24017,Maryland,Charles County,30,0.2654092715475237,0.16131574850401026,10.0,30,1.0
24019,Maryland,Dorchester County,9,0.7932444059127426,0.4613707224057842,55.55555555555556,9,1.0
24021,Maryland,Frederick County,61,0.23587801878461126,0.11615838483032535,8.19672131147541,61,1.0
24023,Maryland,Garrett County,7,0.8492806972367476,0.49649283295479046,14.285714285714285,7,1.0
24025,Maryland,Harford County,57,0.10553368314672767,0.1440434853079965,3.508771929824561,57,1.0
24027,Maryland,Howard County,55,0.017618795831059835,0.037882493020099266,3.6363636363636362,55,1.0
24029,Maryland,Kent County,5,0.4414662261982986,0.3049591414417057,0.0,5,1.0
24031,Maryland,Montgomery County,215,0.15175804603030746,0.0827943412304714,1.3953488372093024,215,1.0
24033,Maryland,Prince George's County,218,0.38937672747204694,0.20011502983525403,11.46788990825688,218,1.0
24035,Maryland,Queen Anne's County,11,0.22088402682951633,0.13309300872622243,0.0,11,1.0
24037,Maryland,St. Mary's County,17,0.1806434313024769,0.1638440322640917,11.76470588235294,17,1.0
24039,Maryland,Somerset County,6,0.8145160346412563,0.622155445954068,16.666666666666664,7,0.8571428571428571
24041,Maryland,Talbot County,10,0.4089656777788848,0.2841439653441521,30.0,10,1.0
24043,Maryland,Washington County,31,0.47304311719335207,0.4126516533629292,12.903225806451612,32,0.96875
24045,Maryland,Wicomico County,19,0.5594747583417532,0.47606634706812107,26.31578947368421,19,1.0
24047,Maryland,Worcester County,15,0.3293019557481661,0.3073799218925345,33.33333333333333,15,1.0
24510,Maryland,Baltimore city,193,0.4634598030608952,0.4356133082666718,7.253886010362693,200,0.965
25001,Massachusetts,Barnstable County,56,0.2342843731188729,0.20586484347693715,14.285714285714285,56,1.0
25003,Massachusetts,Berkshire County,39,0.3533585574806905,0.2879011035387614,23.076923076923077,39,1.0
25005,Massachusetts,Bristol County,125,0.3413263548773235,0.31246235493636426,6.4,125,1.0
25007,Massachusetts,Dukes County,4,0.00010406055441903767,0.1481743167056272,0.0,4,1.0
25009,Massachusetts,Essex County,162,0.20640308764740029,0.1989219374911151,9.25925925925926,162,1.0
25011,Massachusetts,Franklin County,18,0.4419139736309301,0.3203581067919395,16.666666666666664,18,1.0
25013,Massachusetts,Hampden County,103,0.39472665484726716,0.4294986905267053,11.650485436893204,103,1.0
25015,Massachusetts,Hampshire County,33,0.3106656887138845,0.1686522859795374,33.33333333333333,36,0.9166666666666666
25017,Massachusetts,Middlesex County,317,0.10886576883340297,0.08082257578174601,3.1545741324921135,317,1.0
25019,Massachusetts,Nantucket County,5,0.1239117060437503,0.08868189893478663,0.0,5,1.0
25021,Massachusetts,Norfolk County,130,0.06273127509632288,0.056019037298650404,3.8461538461538463,130,1.0
25023,Massachusetts,Plymouth County,98,0.20105075877751755,0.1641207360614125,8.16326530612245,100,0.98
25025,Massachusetts,Suffolk County,188,0.22674070253177334,0.2075903456694133,2.127659574468085,200,0.94
25027,Massachusetts,Worcester County,170,0.23455160177801657,0.2329647369990538,10.588235294117647,172,0.9883720930232558
26001,Michigan,Alcona County,5,0.6487497570864352,0.6463091591341208,0.0,5,1.0
26003,Michigan,Alger County,3,0.28444786913691683,0.5037026515903521,33.33333333333333,3,1.0
26005,Michigan,Allegan County,24,0.13626459938831656,0.37877890175139317,8.333333333333332,24,1.0
26007,Michigan,Alpena County,9,0.3627580561676699,0.5666364040115679,11.11111111111111,9,1.0
26009,Michigan,Antrim County,7,0.12921422853798878,0.4592988875114606,0.0,7,1.0
26011,Michigan,Arenac County,5,0.6707982373724317,0.6682197850499206,0.0,5,1.0
26013,Michigan,Baraga County,2,0.8525097097643733,0.630791609607106,100.0,2,1.0
26015,Michigan,Barry County,11,0.00020350706007212099,0.39702743733813417,0.0,11,1.0
26017,Michigan,Bay County,26,0.36398141412268514,0.5513578146084561,19.230769230769234,26,1.0
26019,Michigan,Benzie County,5,0.00013483506237435157,0.40309926460454315,0.0,5,1.0
26021,Michigan,Berrien County,48,0.3242768717705637,0.49018131583423724,20.833333333333336,48,1.0
26023,Michigan,Branch County,12,0.3356086833383089,0.4927324475246679,16.666666666666664,12,1.0
26025,Michigan,Calhoun County,39,0.38888776921761703,0.5497097865969968,35.8974358974359,39,1.0
26027,Michigan,Cass County,11,0.24082160556561003,0.484829561065103,0.0,11,1.0
26029,Michigan,Charlevoix County,13,0.11156832942237485,0.35106883114144555,0.0,13,1.0
26031,Michigan,Cheboygan County,8,0.5208732422234941,0.5583034664832072,25.0,8,1.0
26033,Michigan,Chippewa County,11,0.4044346141593851,0.5608908248132255,27.27272727272727,12,0.9166666666666666
26035,Michigan,Clare County,11,0.6568774886430669,0.6782827566287475,0.0,11,1.0
26037,Michigan,Clinton County,21,0.03404045517130832,0.25563785694074914,4.761904761904762,22,0.9545454545454546
26039,Michigan,Crawford County,5,0.3263883146757626,0.5622682149607964,0.0,5,1.0
26041,Michigan,Delta County,11,0.3324677447184218,0.515012944487378,18.181818181818183,11,1.0
26043,Michigan,Dickinson County,7,0.33083261949975673,0.44620195522073447,28.57142857142857,7,1.0
26045,Michigan,Eaton County,28,0.11230181661875338,0.3206905573398293,10.714285714285714,28,1.0
26047,Michigan,Emmet County,8,0.09818729092435922,0.36523368359960773,12.5,8,1.0
26049,Michigan,Genesee County,129,0.40488750761455666,0.5685805500703904,23.25581395348837,130,0.9923076923076923
26051,Michigan,Gladwin County,9,0.6307252669044588,0.6250631463080034,33.33333333333333,9,1.0
26053,Michigan,Gogebic County,7,0.544336376720308,0.545444725941027,14.285714285714285,7,1.0
26055,Michigan,Grand Traverse County,16,0.09483810699280357,0.32828340085940017,6.25,16,1.0
26057,Michigan,Gratiot County,9,0.38218490975393965,0.5983951187349296,33.33333333333333,10,0.9
26059,Michigan,Hillsdale County,12,0.390875802532586,0.5366609064657687,16.666666666666664,12,1.0
26061,Michigan,Houghton County,10,0.45405642042519573,0.4693733438054247,20.0,10,1.0
26063,Michigan,Huron County,12,0.20113016563632083,0.49796229497881717,16.666666666666664,12,1.0
26065,Michigan,Ingham County,70,0.3731862369509971,0.43460097858212904,34.285714285714285,80,0.875
26067,Michigan,Ionia County,12,0.19905838492244476,0.5158237761779773,8.333333333333332,13,0.9230769230769231
26069,Michigan,Iosco County,9,0.7247870951518314,0.6629552264655942,22.22222222222222,9,1.0
26071,Michigan,Iron County,5,0.4709645472443988,0.5371240451073362,20.0,5,1.0
26073,Michigan,Isabella County,13,0.3601041924545826,0.47166162027091263,7.6923076923076925,15,0.8666666666666667
26075,Michigan,Jackson County,36,0.29057090187908474,0.5221341051987136,19.444444444444446,38,0.9473684210526315
26077,Michigan,Kalamazoo County,57,0.2850664147777294,0.38682370919058257,17.543859649122805,57,1.0
26079,Michigan,Kalkaska County,5,0.5199639025856075,0.618473961960416,0.0,5,1.0
26081,Michigan,Kent County,128,0.2708208779023347,0.38094295446859716,3.90625,128,1.0
26083,Michigan,Keweenaw County,1,7.533975034327321e-05,0.41556684411077516,0.0,1,1.0
26085,Michigan,Lake County,4,0.8301509302331083,0.7498685376378496,0.0,4,1.0
26087,Michigan,Lapeer County,23,0.23786273512362202,0.39526967299493676,13.043478260869565,24,0.9583333333333334
26089,Michigan,Leelanau County,6,0.00011265136655430045,0.284674366539168,0.0,6,1.0
26091,Michigan,Lenawee County,23,0.20355276351899684,0.4663768085403343,17.391304347826086,23,1.0
26093,Michigan,Livingston County,61,0.04799425533014631,0.14507096330150676,1.639344262295082,61,1.0
26095,Michigan,Luce County,2,0.4331793066069385,0.5857136847696457,50.0,2,1.0
26097,Michigan,Mackinac County,5,0.42785970455502775,0.4463815553872008,40.0,5,1.0
26099,Michigan,Macomb County,212,0.2508206498303332,0.3880449916146373,11.320754716981133,215,0.986046511627907
26101,Michigan,Manistee County,9,0.16774146450625843,0.4806330770947452,0.0,9,1.0
26103,Michigan,Marquette County,24,0.2828666697643996,0.4319145216976871,8.333333333333332,24,1.0
26105,Michigan,Mason County,8,0.21761743729464622,0.49215545020021234,12.5,8,1.0
26107,Michigan,Mecosta County,10,0.5079778718902734,0.5774614271126385,20.0,11,0.9090909090909091
26109,Michigan,Menominee County,7,0.456116384084314,0.49064669766547503,14.285714285714285,7,1.0
26111,Michigan,Midland County,19,0.16071593924072716,0.36208207950753124,10.526315789473683,19,1.0
26113,Michigan,Missaukee County,4,0.6401682908854869,0.6562842758882447,25.0,4,1.0
26115,Michigan,Monroe County,38,0.10219186861758996,0.33445793396934576,0.0,38,1.0
26117,Michigan,Montcalm County,13,0.6631322042116446,0.6173032205877076,7.6923076923076925,13,1.0
26119,Michigan,Montmorency County,5,0.7785592760084475,0.6418826114853377,0.0,5,1.0
26121,Michigan,Muskegon County,42,0.40569781137881056,0.5794381160518458,38.095238095238095,42,1.0
26123,Michigan,Newaygo County,11,0.47966795798450657,0.6349886827635627,9.090909090909092,11,1.0
26125,Michigan,Oakland County,337,0.10366985183770457,0.1936916306519529,2.6706231454005933,337,1.0
26127,Michigan,Oceana County,7,0.5935056246907952,0.600084582963072,28.57142857142857,7,1.0
26129,Michigan,Ogemaw County,7,0.5888016182848042,0.6824144025966407,0.0,7,1.0
26131,Michigan,Ontonagon County,3,0.7759009426948014,0.604236405618254,66.66666666666666,3,1.0
26133,Michigan,Osceola County,6,0.8391632579721175,0.6513170466678744,0.0,6,1.0
26135,Michigan,Oscoda County,5,0.7487629562845035,0.6506655400201463,0.0,5,1.0
26137,Michigan,Otsego County,6,0.1415838146938171,0.5026254092701093,0.0,6,1.0
26139,Michigan,Ottawa County,52,0.01618206857702292,0.22424094037672296,1.9230769230769231,53,0.9811320754716981
26141,Michigan,Presque Isle County,6,0.40475173525925134,0.5404956325463206,0.0,6,1.0
26143,Michigan,Roscommon County,10,0.6508354703730186,0.6360289461575327,10.0,10,1.0
26145,Michigan,Saginaw County,56,0.40383539123508744,0.5690245080355556,28.57142857142857,56,1.0
26147,Michigan,St. Clair County,49,0.23704196277207693,0.38903327478520855,14.285714285714285,49,1.0
26149,Michigan,St. Joseph County,17,0.2570576765434814,0.5122840819031178,17.647058823529413,17,1.0
26151,Michigan,Sanilac County,12,0.48748844631595484,0.5826192523489929,25.0,12,1.0
26153,Michigan,Schoolcraft County,3,0.2700132971338984,0.5574388585826299,33.33333333333333,3,1.0
26155,Michigan,Shiawassee County,17,0.18762396257857908,0.47729243321288856,23.52941176470588,17,1.0
26157,Michigan,Tuscola County,13,0.26718551822150444,0.5848023561903335,15.384615384615385,13,1.0
26159,Michigan,Van Buren County,15,0.27859043859128446,0.5343577652405345,6.666666666666667,15,1.0
26161,Michigan,Washtenaw County,93,0.2301375812035896,0.21257929577741494,16.129032258064516,100,0.93
26163,Michigan,Wayne County,592,0.48692905410554604,0.5882904459602749,8.783783783783784,606,0.976897689768977
26165,Michigan,Wexford County,8,0.7338240820169459,0.6581063033605852,37.5,8,1.0
27001,Minnesota,Aitkin County,6,0.7991860524266858,0.5404271101543506,66.66666666666666,6,1.0
27003,Minnesota,Anoka County,83,0.2571686959870833,0.1861817795016775,14.457831325301203,83,1.0
27005,Minnesota,Becker County,10,0.3826153281797014,0.3471573275963452,50.0,10,1.0
27007,Minnesota,Beltrami County,10,0.5124314712614048,0.48639961914548746,50.0,10,1.0
27009,Minnesota,Benton County,9,0.3476722237489071,0.32046503062516757,33.33333333333333,9,1.0
27011,Minnesota,Big Stone County,3,0.23781037697663507,0.30828580468581473,0.0,3,1.0
27013,Minnesota,Blue Earth County,16,0.3366833114469656,0.3576324096472788,25.0,16,1.0
27015,Minnesota,Brown County,8,0.18796951556837543,0.2830104139583397,12.5,8,1.0
27017,Minnesota,Carlton County,7,0.3388743245043576,0.36796240772213895,28.57142857142857,7,1.0
27019,Minnesota,Carver County,19,8.6041074050316e-05,0.04721550687959629,0.0,19,1.0
27021,Minnesota,Cass County,10,0.625341473803474,0.48630544274455867,30.0,10,1.0
27023,Minnesota,Chippewa County,4,0.2174997727705471,0.2881773179626766,25.0,4,1.0
27025,Minnesota,Chisago County,10,0.09123952730237375,0.15866636257333613,0.0,10,1.0
27027,Minnesota,Clay County,13,0.22278979451975156,0.242521664949533,0.0,13,1.0
27029,Minnesota,Clearwater County,3,0.7692210531930733,0.4729712896711978,66.66666666666666,3,1.0
27031,Minnesota,Cook County,2,0.7133497308944312,0.3540553653538441,50.0,2,1.0
27033,Minnesota,Cottonwood County,4,0.581514133825788,0.4071193921413718,25.0,4,1.0
27035,Minnesota,Crow Wing County,16,0.3986501422722688,0.39707432513415986,12.5,16,1.0
27037,Minnesota,Dakota County,95,0.13941919780454068,0.1355724845841708,4.2105263157894735,95,1.0
27039,Minnesota,Dodge County,5,0.15146246219541656,0.2377245005972411,0.0,5,1.0
27041,Minnesota,Douglas County,9,0.184618791768316,0.2802294839989936,11.11111111111111,9,1.0
27043,Minnesota,Faribault County,6,0.3813114492181386,0.3632187335052079,16.666666666666664,6,1.0
27045,Minnesota,Fillmore County,6,0.39691003783690176,0.29550115371259356,0.0,6,1.0
27047,Minnesota,Freeborn County,10,0.39395865569878324,0.4396007813335336,20.0,10,1.0
27049,Minnesota,Goodhue County,10,0.07021030636080453,0.21651465526096952,10.0,10,1.0
27051,Minnesota,Grant County,2,0.8072690953198649,0.41201774293354576,100.0,2,1.0
27053,Minnesota,Hennepin County,294,0.2011571779196657,0.18512383464617535,5.782312925170068,299,0.9832775919732442
27055,Minnesota,Houston County,5,0.16037838067465632,0.31153591699271055,20.0,5,1.0
27057,Minnesota,Hubbard County,7,0.5647021106549984,0.41695710386678947,28.57142857142857,7,1.0
27059,Minnesota,Isanti County,8,0.18657034266715752,0.2356884840737975,25.0,8,1.0
27061,Minnesota,Itasca County,11,0.4512349907080868,0.43970402740524056,36.36363636363637,11,1.0
27063,Minnesota,Jackson County,4,0.20193815130929443,0.289518432690886,25.0,4,1.0
27065,Minnesota,Kanabec County,4,0.4201094048799119,0.47528117152581456,50.0,4,1.0
27067,Minnesota,Kandiyohi County,12,0.24899622246325068,0.3416818222745179,16.666666666666664,12,1.0
27069,Minnesota,Kittson County,2,0.3851151931832144,0.295192212632277,50.0,2,1.0
27071,Minnesota,Koochiching County,4,0.6073709093124877,0.4697422808884747,75.0,4,1.0
27073,Minnesota,Lac qui Parle County,3,0.4988358501910253,0.37691681473463623,33.33333333333333,3,1.0
27075,Minnesota,Lake County,3,0.5152773248826307,0.34533977424419454,0.0,3,1.0
27077,Minnesota,Lake of the Woods County,2,0.36711737562161145,0.39755788321456803,0.0,2,1.0
27079,Minnesota,Le Sueur County,6,0.4173128878468802,0.2475869246672879,16.666666666666664,6,1.0
27081,Minnesota,Lincoln County,2,0.8150487683989353,0.41244555478108347,0.0,2,1.0
27083,Minnesota,Lyon County,7,0.3182280231973899,0.33337228104661953,14.285714285714285,7,1.0
27085,Minnesota,McLeod County,7,0.25754776791341555,0.298280489530448,28.57142857142857,7,1.0
27087,Minnesota,Mahnomen County,2,0.7190970616802055,0.5481583907044834,50.0,2,1.0
27089,Minnesota,Marshall County,4,6.500691061960044e-05,0.2554620252228802,0.0,4,1.0
27091,Minnesota,Martin County,6,0.2782627104723912,0.3791407798189082,33.33333333333333,6,1.0
27093,Minnesota,Meeker County,6,0.26329978403254567,0.2979717448987113,16.666666666666664,6,1.0
27095,Minnesota,Mille Lacs County,7,0.6876092569437622,0.429528577301351,28.57142857142857,7,1.0
27097,Minnesota,Morrison County,8,0.5093986854915582,0.3857021164449379,37.5,8,1.0
27099,Minnesota,Mower County,11,0.3324658203845231,0.34692199875056,18.181818181818183,11,1.0
27101,Minnesota,Murray County,3,8.022437854108035e-05,0.24201306716004103,0.0,3,1.0
27103,Minnesota,Nicollet County,7,0.23968952246470196,0.21533251218143676,28.57142857142857,7,1.0
27105,Minnesota,Nobles County,6,0.44359523050902494,0.3689998691941864,33.33333333333333,6,1.0
27107,Minnesota,Norman County,3,0.48682591017535143,0.35549792087565396,33.33333333333333,3,1.0
27109,Minnesota,Olmsted County,33,0.18728435147150232,0.20025133099224668,6.0606060606060606,33,1.0
27111,Minnesota,Otter Tail County,17,0.4239021529737977,0.3184584523351756,29.411764705882355,17,1.0
27113,Minnesota,Pennington County,5,0.2824900501361678,0.24709769785031135,20.0,5,1.0
27115,Minnesota,Pine County,8,0.7241286262045621,0.5144367957799663,50.0,8,1.0
27117,Minnesota,Pipestone County,5,0.2850027508844867,0.3505136034202406,0.0,5,1.0
27119,Minnesota,Polk County,10,0.2205394146995546,0.2536784425440553,20.0,10,1.0
27121,Minnesota,Pope County,4,0.19302208078619443,0.28636835837636304,25.0,4,1.0
27123,Minnesota,Ramsey County,135,0.3181790927961388,0.28141835356551925,11.11111111111111,136,0.9926470588235294
27125,Minnesota,Red Lake County,2,5.84803907431022e-05,0.24433731314064758,0.0,2,1.0
27127,Minnesota,Redwood County,6,0.5020536206526738,0.3908021079544492,33.33333333333333,6,1.0
27129,Minnesota,Renville County,6,0.2589952972406529,0.29439023750129184,16.666666666666664,6,1.0
27131,Minnesota,Rice County,13,0.22971439810157748,0.22062845523542735,23.076923076923077,13,1.0
27133,Minnesota,Rock County,3,0.2707321637214521,0.3542952585125012,33.33333333333333,3,1.0
27135,Minnesota,Roseau County,5,0.3157516185363133,0.3031718180771641,20.0,5,1.0
27137,Minnesota,St. Louis County,66,0.4642419216221746,0.3759204682138534,24.242424242424242,66,1.0
27139,Minnesota,Scott County,21,0.10139701467334387,0.11308187471048467,4.761904761904762,21,1.0
27141,Minnesota,Sherburne County,11,0.08057890864313862,0.17900449307473912,9.090909090909092,11,1.0
27143,Minnesota,Sibley County,4,0.6025541069206962,0.28494845944823705,0.0,4,1.0
27145,Minnesota,Stearns County,29,0.34202454191899395,0.3567801776510906,17.24137931034483,29,1.0
27147,Minnesota,Steele County,8,0.176346433986015,0.2569074208981864,0.0,8,1.0
27149,Minnesota,Stevens County,3,0.256179161209059,0.22734619294440708,0.0,3,1.0
27151,Minnesota,Swift County,4,0.5795374480849836,0.3919894876893246,25.0,4,1.0
27153,Minnesota,Todd County,8,0.5951375534012775,0.4248002609179529,50.0,8,1.0
27155,Minnesota,Traverse County,2,0.7289589499795273,0.41892267884021883,0.0,2,1.0
27157,Minnesota,Wabasha County,6,0.2684365324181726,0.25732694312677173,16.666666666666664,6,1.0
27159,Minnesota,Wadena County,3,0.8746422195428437,0.570462416899043,33.33333333333333,3,1.0
27161,Minnesota,Waseca County,5,0.49375360925163053,0.35185890678015547,60.0,5,1.0
27163,Minnesota,Washington County,48,0.05917987996083856,0.09902401636356771,4.166666666666666,50,0.96
27165,Minnesota,Watonwan County,3,0.27097920055645536,0.35908773632771407,0.0,3,1.0
27167,Minnesota,Wilkin County,2,0.3834834873378673,0.3444038849293263,0.0,2,1.0
27169,Minnesota,Winona County,10,0.3876281325873933,0.32791706044180796,20.0,10,1.0
27171,Minnesota,Wright County,17,0.09842051505442834,0.17197682066484246,11.76470588235294,17,1.0
27173,Minnesota,Yellow Medicine County,4,0.18260746832020938,0.346040086977793,25.0,4,1.0
28001,Mississippi,Adams County,9,0.7616180429560363,0.8563093829666378,55.55555555555556,9,1.0
28003,Mississippi,Alcorn County,7,0.13833213159240323,0.7166862412128406,14.285714285714285,7,1.0
28005,Mississippi,Amite County,3,0.5914371018762448,0.8409182057487685,33.33333333333333,3,1.0
28007,Mississippi,Attala County,6,0.42063276775497344,0.732036069361499,33.33333333333333,6,1.0
28009,Mississippi,Benton County,2,0.8908154363795352,0.7990326438801989,100.0,2,1.0
28011,Mississippi,Bolivar County,8,0.754581604909698,0.872637758581426,50.0,8,1.0
28013,Mississippi,Calhoun County,5,0.47067238430037106,0.695336772970706,0.0,5,1.0
28015,Mississippi,Carroll County,2,0.00024002344127768813,0.6674086616523316,0.0,2,1.0
28017,Mississippi,Chickasaw County,4,0.4260308545290145,0.7507717993511336,25.0,4,1.0
28019,Mississippi,Choctaw County,3,0.5463406845871459,0.661221113281448,33.33333333333333,3,1.0
28021,Mississippi,Claiborne County,3,0.863921544033766,0.9237023071221918,66.66666666666666,3,1.0
28023,Mississippi,Clarke County,4,0.4282212205693706,0.6949811934829828,25.0,4,1.0
28025,Mississippi,Clay County,5,0.6930817656332355,0.7893118507107475,60.0,5,1.0
28027,Mississippi,Coahoma County,7,0.6241191185708248,0.8397572737274677,28.57142857142857,7,1.0
28029,Mississippi,Copiah County,6,0.7481204731056476,0.7389038666921691,83.33333333333334,6,1.0
28031,Mississippi,Covington County,4,0.9052604646770678,0.8421828431372839,0.0,4,1.0
28033,Mississippi,DeSoto County,33,0.24919141637170822,0.4280432811963711,9.090909090909092,33,1.0
28035,Mississippi,Forrest County,17,0.6529612716498399,0.7095301541632354,35.294117647058826,17,1.0
28037,Mississippi,Franklin County,2,0.4196947145254544,0.7026647258599551,50.0,2,1.0
28039,Mississippi,George County,5,0.16212794936327513,0.5767687222513181,20.0,5,1.0
28041,Mississippi,Greene County,2,0.0005514799121719046,0.7258199439567187,0.0,2,1.0
28043,Mississippi,Grenada County,5,0.5026177227555368,0.7412936304759937,20.0,5,1.0
28045,Mississippi,Hancock County,7,0.3970839944593493,0.6142318870907789,42.857142857142854,7,1.0
28047,Mississippi,Harrison County,43,0.38215507845270347,0.6370303747183265,37.2093023255814,45,0.9555555555555556
28049,Mississippi,Hinds County,64,0.5370879781274976,0.6873518757893711,37.5,64,1.0
28051,Mississippi,Holmes County,5,0.8869444911754542,0.9474025966180557,40.0,5,1.0
28053,Mississippi,Humphreys County,3,0.8485118066766791,0.8933735703569079,33.33333333333333,3,1.0
28055,Mississippi,Issaquena County,1,0.7682532416898185,0.8372892125841542,0.0,1,1.0
28057,Mississippi,Itawamba County,5,0.1700639675896725,0.6916461559715623,20.0,5,1.0
28059,Mississippi,Jackson County,28,0.3010457764114815,0.5866066809379227,21.428571428571427,28,1.0
28061,Mississippi,Jasper County,4,0.4297850794836815,0.7924215903585778,0.0,4,1.0
28063,Mississippi,Jefferson County,2,0.8895203750833214,0.9610494729206214,50.0,2,1.0
28065,Mississippi,Jefferson Davis County,3,0.603962849721763,0.829390420944165,33.33333333333333,3,1.0
28067,Mississippi,Jones County,13,0.47896263049719096,0.7127565818126788,23.076923076923077,14,0.9285714285714286
28069,Mississippi,Kemper County,2,0.9169158201404436,0.8995182614369956,100.0,2,1.0
28071,Mississippi,Lafayette County,10,0.5860601647738961,0.5363242625446737,40.0,10,1.0
28073,Mississippi,Lamar County,8,0.21849802024648352,0.4979298210812337,12.5,8,1.0
28075,Mississippi,Lauderdale County,19,0.35931063660597024,0.6608731838654075,36.84210526315789,19,1.0
28077,Mississippi,Lawrence County,3,0.5884447801060958,0.6612083975024178,33.33333333333333,3,1.0
28079,Mississippi,Leake County,5,0.5354320352207865,0.7577139415421479,40.0,5,1.0
28081,Mississippi,Lee County,18,0.28232904415203675,0.5934592760756346,16.666666666666664,18,1.0
28083,Mississippi,Leflore County,8,0.6503274195321819,0.7852531207629949,62.5,8,1.0
28085,Mississippi,Lincoln County,6,0.45314091014014535,0.6968736797616607,33.33333333333333,6,1.0
28087,Mississippi,Lowndes County,14,0.4899450027295468,0.6350132753432962,28.57142857142857,14,1.0
28089,Mississippi,Madison County,21,0.2772274566263531,0.38157806837249086,9.523809523809524,21,1.0
28091,Mississippi,Marion County,6,0.7273263529374003,0.8058246360779351,33.33333333333333,6,1.0
28093,Mississippi,Marshall County,6,0.6047715360011476,0.8117024158169922,50.0,6,1.0
28095,Mississippi,Monroe County,9,0.4920342101173827,0.6557750419324112,22.22222222222222,9,1.0
28097,Mississippi,Montgomery County,3,0.8702554291609812,0.8324489032437451,66.66666666666666,3,1.0
28099,Mississippi,Neshoba County,7,0.5938649875368416,0.723279780816647,0.0,7,1.0
28101,Mississippi,Newton County,5,0.7134580003287465,0.74281935888842,40.0,5,1.0
28103,Mississippi,Noxubee County,3,0.8681549252099455,0.8209959526839025,66.66666666666666,3,1.0
28105,Mississippi,Oktibbeha County,8,0.7762298031009597,0.6326132091819487,50.0,8,1.0
28107,Mississippi,Panola County,6,0.6133225579868069,0.8210692487171954,33.33333333333333,6,1.0
28109,Mississippi,Pearl River County,9,0.4050908918772015,0.6910731717910219,11.11111111111111,9,1.0
28111,Mississippi,Perry County,3,0.5835829354621681,0.7354073984793695,66.66666666666666,3,1.0
28113,Mississippi,Pike County,8,0.7926797754207634,0.8004866361830514,50.0,8,1.0
28115,Mississippi,Pontotoc County,6,0.45134704561487377,0.6798318032202317,16.666666666666664,6,1.0
28117,Mississippi,Prentiss County,5,0.5299988878566075,0.7769424295807049,20.0,5,1.0
28119,Mississippi,Quitman County,3,0.8265195851837723,0.862413576753056,100.0,3,1.0
28121,Mississippi,Rankin County,26,0.103378473804646,0.4087792796978083,11.538461538461538,27,0.9629629629629629
28123,Mississippi,Scott County,6,0.6763144190552408,0.7218805448994577,33.33333333333333,6,1.0
28125,Mississippi,Sharkey County,2,0.8000188234758601,0.8134655574523746,0.0,2,1.0
28127,Mississippi,Simpson County,5,0.911164823447083,0.8280597074122193,40.0,5,1.0
28129,Mississippi,Smith County,3,0.00023618946502163875,0.6058471091640171,0.0,3,1.0
28131,Mississippi,Stone County,3,0.29409199325669094,0.7888486593994898,33.33333333333333,3,1.0
28133,Mississippi,Sunflower County,7,0.8764087197984293,0.8664139837899898,42.857142857142854,7,1.0
28135,Mississippi,Tallahatchie County,4,0.8659756569218184,0.8569292582142327,50.0,4,1.0
28137,Mississippi,Tate County,5,0.7345736304532094,0.6564145348968135,80.0,5,1.0
28139,Mississippi,Tippah County,4,0.42716586928703476,0.7839169120411982,0.0,4,1.0
28141,Mississippi,Tishomingo County,4,0.20608264431341564,0.7515599348360956,0.0,4,1.0
28143,Mississippi,Tunica County,2,0.9179624085086137,0.8846723145509532,100.0,2,1.0
28145,Mississippi,Union County,6,0.15495365603678754,0.6484805667858388,16.666666666666664,6,1.0
28147,Mississippi,Walthall County,3,0.9027227498531,0.8839883347850783,33.33333333333333,3,1.0
28149,Mississippi,Warren County,11,0.4545880645544362,0.6628694828753996,36.36363636363637,12,0.9166666666666666
28151,Mississippi,Washington County,19,0.7294856358878568,0.8237312750142248,47.368421052631575,19,1.0
28153,Mississippi,Wayne County,4,0.4669126505262054,0.6561838554859674,25.0,4,1.0
28155,Mississippi,Webster County,3,0.5650467632961313,0.7476046905852648,0.0,3,1.0
28157,Mississippi,Wilkinson County,2,0.919057574842604,0.9193212255850374,50.0,2,1.0
28159,Mississippi,Winston County,5,0.6971926727132424,0.761842245005566,60.0,5,1.0
28161,Mississippi,Yalobusha County,3,0.29164852236879674,0.7316607414880139,0.0,3,1.0
28163,Mississippi,Yazoo County,6,0.7651838407236472,0.8057491253039343,66.66666666666666,6,1.0
29001,Missouri,Adair County,6,0.40053767990070294,0.5462485062610983,16.666666666666664,7,0.8571428571428571
29003,Missouri,Andrew County,4,0.00014700285273067473,0.3671372575728752,0.0,4,1.0
29005,Missouri,Atchison County,2,8.36809513881501e-05,0.4097529814367682,0.0,2,1.0
29007,Missouri,Audrain County,7,0.4597971704850394,0.5657768283005822,42.857142857142854,7,1.0
29009,Missouri,Barry County,7,0.6340115392116934,0.6888498303256945,28.57142857142857,7,1.0
29011,Missouri,Barton County,3,0.28582574699806734,0.58317874180639,33.33333333333333,3,1.0
29013,Missouri,Bates County,4,0.6452983100291761,0.5517608012951576,25.0,4,1.0
29015,Missouri,Benton County,6,0.6964361980860069,0.6857356443575103,33.33333333333333,6,1.0
29017,Missouri,Bollinger County,3,0.2917368729705745,0.6553365569374946,0.0,3,1.0
29019,Missouri,Boone County,28,0.31141222822677045,0.45206664057475227,17.857142857142858,29,0.9655172413793104
29021,Missouri,Buchanan County,25,0.3278601741306277,0.47775653875725127,12.0,25,1.0
29023,Missouri,Butler County,10,0.7747198120327785,0.7602046175206754,70.0,10,1.0
29025,Missouri,Caldwell County,2,0.8524679190378042,0.5314307029013992,50.0,2,1.0
29027,Missouri,Callaway County,8,0.11048698560726365,0.4599676774440704,12.5,8,1.0
29029,Missouri,Camden County,11,0.15319591431625817,0.5240300280649626,9.090909090909092,11,1.0
29031,Missouri,Cape Girardeau County,16,0.24616595716262463,0.5169579131519849,6.25,16,1.0
29033,Missouri,Carroll County,3,0.26542624868911396,0.4877572648984641,33.33333333333333,3,1.0
29035,Missouri,Carter County,2,0.4144310026490279,0.5121291752657431,50.0,2,1.0
29037,Missouri,Cass County,20,0.19945316359410206,0.33648116295063024,25.0,20,1.0
29039,Missouri,Cedar County,3,0.8998918933463496,0.7734678848049868,66.66666666666666,3,1.0
29041,Missouri,Chariton County,3,8.853994668218832e-05,0.4605691845225898,0.0,3,1.0
29043,Missouri,Christian County,14,0.060830784095889885,0.4599137510660369,7.142857142857142,14,1.0
29045,Missouri,Clark County,3,6.477092080290423e-05,0.44148495104772545,0.0,3,1.0
29047,Missouri,Clay County,44,0.2503278593142491,0.29991274831699716,15.909090909090908,44,1.0
29049,Missouri,Clinton County,4,0.4631350524186239,0.44391887409573844,25.0,4,1.0
29051,Missouri,Cole County,15,0.1932084451566837,0.37427218757639774,13.333333333333334,15,1.0
29053,Missouri,Cooper County,5,0.15791951579988633,0.46691633158610246,0.0,5,1.0
29055,Missouri,Crawford County,6,0.6076834375755626,0.6806533058377556,16.666666666666664,6,1.0
29057,Missouri,Dade County,2,0.8770212432876576,0.7635544935895247,50.0,2,1.0
29059,Missouri,Dallas County,3,0.5825443324521984,0.6832195428150639,66.66666666666666,3,1.0
29061,Missouri,Daviess County,2,0.00011137018713727303,0.4690018885622905,0.0,2,1.0
29063,Missouri,DeKalb County,2,0.0002888856004789198,0.5252540154226338,0.0,2,1.0
29065,Missouri,Dent County,4,0.6177108337364643,0.7116587773502151,50.0,4,1.0
29067,Missouri,Douglas County,3,0.9147932260011089,0.8547538261430763,100.0,3,1.0
29069,Missouri,Dunklin County,10,0.733916213877718,0.7189728779652788,30.0,10,1.0
29071,Missouri,Franklin County,17,0.4111842444788087,0.45225260019307556,17.647058823529413,17,1.0
29073,Missouri,Gasconade County,5,9.871358898996951e-05,0.41862386435904336,0.0,5,1.0
29075,Missouri,Gentry County,2,0.40531229153279863,0.5734953853067513,0.0,2,1.0
29077,Missouri,Greene County,62,0.40422072830295397,0.5686860464771094,12.903225806451612,62,1.0
29079,Missouri,Grundy County,4,0.19931102433804507,0.4389627127750786,25.0,4,1.0
29081,Missouri,Harrison County,3,0.5633933893838122,0.6084785011394137,66.66666666666666,3,1.0
29083,Missouri,Henry County,6,0.5609718387260657,0.6032976767489386,50.0,6,1.0
29085,Missouri,Hickory County,3,0.8630593222568635,0.7171249500021629,0.0,3,1.0
29087,Missouri,Holt County,3,0.23960394110612127,0.4767126754046882,0.0,3,1.0
29089,Missouri,Howard County,3,0.2862150383660142,0.5166977204364034,33.33333333333333,3,1.0
29091,Missouri,Howell County,8,0.6681377233754443,0.7524329250646422,37.5,8,1.0
29093,Missouri,Iron County,4,0.7926339672125096,0.6736225358898968,50.0,4,1.0
29095,Missouri,Jackson County,195,0.3923199471052424,0.44350240956385806,18.974358974358974,197,0.9898477157360406
29097,Missouri,Jasper County,22,0.38200081444812156,0.5830532075308352,27.27272727272727,22,1.0
29099,Missouri,Jefferson County,42,0.20868870361220845,0.39710877205480194,11.904761904761903,42,1.0
29101,Missouri,Johnson County,9,0.2617745308484829,0.5237741785534843,22.22222222222222,9,1.0
29103,Missouri,Knox County,2,0.7713915794195347,0.567775800145129,50.0,2,1.0
29105,Missouri,Laclede County,6,0.4350232598810317,0.641315307265884,50.0,6,1.0
29107,Missouri,Lafayette County,7,0.25099506807668487,0.4001648892143043,14.285714285714285,7,1.0
29109,Missouri,Lawrence County,7,0.5162791454574219,0.6724810270007542,14.285714285714285,7,1.0
29111,Missouri,Lewis County,4,7.570602337774096e-05,0.4877137565279156,0.0,4,1.0
29113,Missouri,Lincoln County,7,0.12579208936501227,0.4838048803472076,0.0,7,1.0
29115,Missouri,Linn County,5,0.3290932339571949,0.5236658008501232,0.0,5,1.0
29117,Missouri,Livingston County,5,0.48422517215121036,0.5481078129560626,20.0,5,1.0
29119,Missouri,McDonald County,4,0.6501930976349626,0.7084788023527225,25.0,4,1.0
29121,Missouri,Macon County,5,0.6373384811451837,0.5734925461722556,40.0,5,1.0
29123,Missouri,Madison County,3,0.5698791649315033,0.6189309874503948,66.66666666666666,3,1.0
29125,Missouri,Maries County,3,0.2579381854967119,0.5008583261758263,0.0,3,1.0
29127,Missouri,Marion County,8,0.5094286156163118,0.5791839411250398,37.5,8,1.0
29129,Missouri,Mercer County,2,6.28872118880243e-05,0.44310816134304964,0.0,2,1.0
29131,Missouri,Miller County,5,0.5370960895230578,0.6897606148760386,0.0,5,1.0
29133,Missouri,Mississippi County,4,0.8350242654161047,0.7865609111549925,0.0,4,1.0
29135,Missouri,Moniteau County,4,0.20891828375202673,0.43586500092495006,25.0,4,1.0
29137,Missouri,Monroe County,3,0.5263536137243707,0.5350119559975691,33.33333333333333,3,1.0
29139,Missouri,Montgomery County,4,0.4136750090082255,0.5883100884505581,25.0,4,1.0
29141,Missouri,Morgan County,5,0.8505590009873965,0.6755075546672212,20.0,5,1.0
29143,Missouri,New Madrid County,6,0.6852295400270331,0.7779675863166426,16.666666666666664,6,1.0
29145,Missouri,Newton County,12,0.41578468287575215,0.5321182508695619,8.333333333333332,12,1.0
29147,Missouri,Nodaway County,5,0.5246205436343162,0.5904770179197301,60.0,5,1.0
29149,Missouri,Oregon County,3,0.8697442013585103,0.791299930592555,66.66666666666666,3,1.0
29151,Missouri,Osage County,4,9.750678406314098e-05,0.3285942937772944,0.0,4,1.0
29153,Missouri,Ozark County,2,0.9180570889949511,0.8511487772942758,100.0,2,1.0
29155,Missouri,Pemiscot County,6,0.79846748116233,0.7322497323508469,33.33333333333333,6,1.0
29157,Missouri,Perry County,5,0.1654042546700944,0.43638754306106947,0.0,5,1.0
29159,Missouri,Pettis County,11,0.4322265747198937,0.6009474564227032,36.36363636363637,11,1.0
29161,Missouri,Phelps County,10,0.23794775977761748,0.5616983797895705,20.0,10,1.0
29163,Missouri,Pike County,5,0.3167000630168385,0.5457016177570801,40.0,5,1.0
29165,Missouri,Platte County,19,0.08013805188195045,0.17088161493854515,5.263157894736842,20,0.95
29167,Missouri,Polk County,4,0.4692509345700749,0.726548017140752,0.0,4,1.0
29169,Missouri,Pulaski County,9,0.3633566555110006,0.5041543088029137,22.22222222222222,9,1.0
29171,Missouri,Putnam County,2,0.38850940311485666,0.6709153824292498,0.0,2,1.0
29173,Missouri,Ralls County,3,0.00010232663080625346,0.4009542147621556,0.0,3,1.0
29175,Missouri,Randolph County,6,0.13907750002349373,0.502048088187677,16.666666666666664,6,1.0
29177,Missouri,Ray County,4,0.19852010503110987,0.3544914190919643,25.0,4,1.0
29179,Missouri,Reynolds County,2,0.43412723148175936,0.6431354526720675,0.0,2,1.0
29181,Missouri,Ripley County,4,0.8503024862204024,0.7845022322891698,25.0,4,1.0
29183,Missouri,St. Charles County,78,0.060960838757331166,0.1685082731726831,1.282051282051282,79,0.9873417721518988
29185,Missouri,St. Clair County,3,0.5573196732901508,0.6526221153126542,0.0,3,1.0
29186,Missouri,Ste. Genevieve County,4,0.2262393581305422,0.44515642923460214,25.0,4,1.0
29187,Missouri,St. Francois County,11,0.40928622557214944,0.6044444243672447,27.27272727272727,11,1.0
29189,Missouri,St. Louis County,198,0.25779104576046286,0.3076835380542564,12.121212121212121,199,0.9949748743718593
29195,Missouri,Saline County,8,0.3766355187502127,0.5338463193007916,25.0,8,1.0
29197,Missouri,Schuyler County,2,0.7794168585904946,0.6199608450968916,100.0,2,1.0
29199,Missouri,Scotland County,2,0.3782446086767302,0.478726172366565,0.0,2,1.0
29201,Missouri,Scott County,10,0.5094865987361684,0.6593335788278196,40.0,10,1.0
29203,Missouri,Shannon County,2,0.8970138276760145,0.8017024967821313,50.0,2,1.0
29205,Missouri,Shelby County,3,7.41629714564683e-05,0.49805315153818874,0.0,3,1.0
29207,Missouri,Stoddard County,8,0.4147578630774945,0.654051942953245,0.0,8,1.0
29209,Missouri,Stone County,6,0.30296925802608726,0.6251866925973019,0.0,6,1.0
29211,Missouri,Sullivan County,3,0.7452481342181837,0.577251606757521,66.66666666666666,3,1.0
29213,Missouri,Taney County,10,0.6169555861272549,0.6793410543717251,50.0,10,1.0
29215,Missouri,Texas County,4,0.9397845030917349,0.8173196535657441,50.0,4,1.0
29217,Missouri,Vernon County,6,0.5392957372447791,0.5600986182396995,66.66666666666666,6,1.0
29219,Missouri,Warren County,5,0.3817074023258821,0.45896129862943064,20.0,5,1.0
29221,Missouri,Washington County,5,0.893742109137686,0.7812349292498523,60.0,5,1.0
29223,Missouri,Wayne County,4,0.6278667922175387,0.7554679844283997,50.0,4,1.0
29225,Missouri,Webster County,8,0.7318017394664479,0.579289897293855,12.5,8,1.0
29227,Missouri,Worth County,1,8.067281427590139e-05,0.4862078633304197,0.0,1,1.0
29229,Missouri,Wright County,4,0.881195032669376,0.8054826367040786,50.0,4,1.0
29510,Missouri,St. Louis city,104,0.43601489208171973,0.5168234875595208,9.615384615384617,106,0.9811320754716981
30001,Montana,Beaverhead County,3,0.2698016657867391,0.35955909820601323,0.0,3,1.0
30003,Montana,Big Horn County,5,0.7088989300916695,0.5921686680185492,80.0,5,1.0
30005,Montana,Blaine County,4,0.5106875382853161,0.69632638241149,25.0,4,1.0
30007,Montana,Broadwater County,2,8.852929031488456e-05,0.38575668251548534,0.0,2,1.0
30009,Montana,Carbon County,5,6.512361902026313e-05,0.31995851651428964,0.0,5,1.0
30011,Montana,Carter County,1,4.9933106735931255e-05,0.3856459703603131,0.0,1,1.0
30013,Montana,Cascade County,22,0.2689292441440474,0.4761206338324387,13.636363636363635,22,1.0
30015,Montana,Chouteau County,2,0.3952294721253273,0.5592272533245013,50.0,2,1.0
30017,Montana,Custer County,6,0.12445184812761996,0.28034815640356064,0.0,6,1.0
30019,Montana,Daniels County,1,5.453555381335172e-05,0.275052389817401,0.0,1,1.0
30021,Montana,Dawson County,3,0.00010452753548538291,0.3369187938941723,0.0,3,1.0
30023,Montana,Deer Lodge County,3,0.5119969899453329,0.5655621127145667,0.0,3,1.0
30025,Montana,Fallon County,1,7.956420788426158e-05,0.21243127242894372,0.0,1,1.0
30027,Montana,Fergus County,2,0.46444827129565636,0.5562898322862724,50.0,2,1.0
30029,Montana,Flathead County,19,0.18593134526942437,0.44400405149888256,10.526315789473683,19,1.0
30031,Montana,Gallatin County,22,0.16869739980473558,0.2757600827057795,4.545454545454546,22,1.0
30033,Montana,Garfield County,1,5.0790828071189424e-05,0.4129564629695017,0.0,1,1.0
30035,Montana,Glacier County,4,0.7167636456360037,0.5366678564343416,75.0,4,1.0
30037,Montana,Golden Valley County,1,0.6995098002350537,0.6199361460695854,100.0,1,1.0
30039,Montana,Granite County,1,0.00011743777143259156,0.5855515424899717,0.0,1,1.0
30041,Montana,Hill County,6,0.24759374593418615,0.4990785674730498,16.666666666666664,6,1.0
30043,Montana,Jefferson County,3,0.00010838522815199643,0.3239604413224393,0.0,3,1.0
30045,Montana,Judith Basin County,1,7.157368814844749e-05,0.4890158471680454,0.0,1,1.0
30047,Montana,Lake County,8,0.3994891624403958,0.5445043008110231,0.0,8,1.0
30049,Montana,Lewis and Clark County,14,0.09065542892880643,0.28960201225805016,7.142857142857142,14,1.0
30051,Montana,Liberty County,1,5.624599663198102e-05,0.36699473858231224,0.0,1,1.0
30053,Montana,Lincoln County,5,0.6832683017271833,0.7187753794344602,20.0,5,1.0
30055,Montana,McCone County,1,6.564585529763886e-05,0.44898894604068024,0.0,1,1.0
30057,Montana,Madison County,3,8.34170420099671e-05,0.4440723752779181,0.0,3,1.0
30059,Montana,Meagher County,1,0.7684500031884144,0.6129796670222544,100.0,1,1.0
30061,Montana,Mineral County,2,0.787661017292767,0.6528340344948479,50.0,2,1.0
30063,Montana,Missoula County,20,0.3189581816726381,0.4537203687244983,5.0,20,1.0
30065,Montana,Musselshell County,2,0.779139032338393,0.6338779670147647,50.0,2,1.0
30067,Montana,Park County,5,0.1615415242415541,0.34517380547061666,20.0,6,0.8333333333333334
30069,Montana,Petroleum County,1,3.942249665184496e-05,0.3701990270473444,0.0,1,1.0
30071,Montana,Phillips County,1,0.000126763451211244,0.49337828606425,0.0,1,1.0
30073,Montana,Pondera County,2,0.36394432125779536,0.4970394717373624,50.0,2,1.0
30075,Montana,Powder River County,1,6.552173027578002e-05,0.4732635096469195,0.0,1,1.0
30077,Montana,Powell County,2,0.00013894691807915258,0.48845508574445984,0.0,2,1.0
30079,Montana,Prairie County,1,5.203523362821156e-05,0.40503008399442003,0.0,1,1.0
30081,Montana,Ravalli County,10,0.3432964191039797,0.5494240228961396,0.0,10,1.0
30083,Montana,Richland County,4,5.6943817399000747e-05,0.18923998825657243,0.0,4,1.0
30085,Montana,Roosevelt County,3,0.4529785793976864,0.44922334928736074,33.33333333333333,3,1.0
30087,Montana,Rosebud County,4,0.16747128061307012,0.4093041171408828,25.0,4,1.0
30089,Montana,Sanders County,3,0.8656494147140986,0.8009520229332262,33.33333333333333,3,1.0
30091,Montana,Sheridan County,2,5.295377222606805e-05,0.2752947241938336,0.0,2,1.0
30093,Montana,Silver Bow County,8,0.38695165292252637,0.5360041748638645,0.0,8,1.0
30095,Montana,Stillwater County,3,8.022014873540473e-05,0.253367522455634,0.0,3,1.0
30097,Montana,Sweet Grass County,1,0.00011940600454639969,0.40742196919536666,0.0,1,1.0
30099,Montana,Teton County,3,6.595371659556121e-05,0.408658358659262,0.0,3,1.0
30101,Montana,Toole County,2,4.4777589553209435e-05,0.312638765239866,0.0,3,0.6666666666666666
30103,Montana,Treasure County,1,0.6790717186790991,0.615518272356634,100.0,1,1.0
30105,Montana,Valley County,3,7.263844933397144e-05,0.37930538225525673,0.0,3,1.0
30107,Montana,Wheatland County,1,0.7748552945635478,0.6699780262242107,100.0,1,1.0
30109,Montana,Wibaux County,1,0.7010280998628413,0.5440516124830742,100.0,1,1.0
30111,Montana,Yellowstone County,32,0.1746791459997097,0.33326256876463944,12.5,32,1.0
31001,Nebraska,Adams County,9,0.24909706802843937,0.39647665799968135,22.22222222222222,9,1.0
31003,Nebraska,Antelope County,3,0.2678186226002363,0.4471927380142697,0.0,3,1.0
31005,Nebraska,Arthur County,1,3.8843940073275714e-05,0.33020156074711265,0.0,1,1.0
31007,Nebraska,Banner County,1,4.152522133177295e-05,0.35518053508537606,0.0,1,1.0
31009,Nebraska,Blaine County,1,0.6430103348326214,0.48348331867840755,100.0,1,1.0
31011,Nebraska,Boone County,2,8.341838009037831e-05,0.307165608660925,0.0,2,1.0
31013,Nebraska,Box Butte County,3,8.494101473257307e-05,0.3222918270797562,0.0,3,1.0
31015,Nebraska,Boyd County,1,6.936548458288284e-05,0.3556285087006228,0.0,1,1.0
31017,Nebraska,Brown County,1,0.8277607229498533,0.5574904035957444,0.0,1,1.0
31019,Nebraska,Buffalo County,11,0.214413958304689,0.3786505075079644,18.181818181818183,11,1.0
31021,Nebraska,Burt County,3,7.302416019809722e-05,0.38752764278601587,0.0,3,1.0
31023,Nebraska,Butler County,3,8.851131381401666e-05,0.36802554822119377,0.0,3,1.0
31025,Nebraska,Cass County,6,0.14239904729304068,0.21537987840528708,16.666666666666664,6,1.0
31027,Nebraska,Cedar County,2,0.0001551915984309888,0.32978644837583415,0.0,2,1.0
31029,Nebraska,Chase County,1,0.00010790881529990274,0.42012239910983085,0.0,1,1.0
31031,Nebraska,Cherry County,2,8.549401061164334e-05,0.43104684747614946,0.0,2,1.0
31033,Nebraska,Cheyenne County,3,8.493927576349762e-05,0.26059910891693355,0.0,3,1.0
31035,Nebraska,Clay County,2,9.953345587748906e-05,0.37509486672904896,0.0,2,1.0
31037,Nebraska,Colfax County,3,0.22217613245309356,0.32314703179708826,33.33333333333333,3,1.0
31039,Nebraska,Cuming County,3,7.605336119013921e-05,0.30570898392090823,0.0,3,1.0
31041,Nebraska,Custer County,4,0.609730896710811,0.5031251918401158,50.0,4,1.0
31043,Nebraska,Dakota County,4,0.36099414161255355,0.4188128749099014,50.0,4,1.0
31045,Nebraska,Dawes County,2,0.00012004655360203055,0.45899635585267673,0.0,2,1.0
31047,Nebraska,Dawson County,7,0.3089227657776364,0.38470475980814856,14.285714285714285,7,1.0
31049,Nebraska,Deuel County,1,0.7531097100048495,0.4781664294190612,100.0,1,1.0
31051,Nebraska,Dixon County,2,8.41476297657509e-05,0.35711759708832613,0.0,2,1.0
31053,Nebraska,Dodge County,9,0.3672452653663007,0.4878717121508083,11.11111111111111,9,1.0
31055,Nebraska,Douglas County,155,0.32709240830794983,0.3409867852101481,6.451612903225806,156,0.9935897435897436
31057,Nebraska,Dundy County,1,0.7535716082355768,0.4700716204853467,100.0,1,1.0
31059,Nebraska,Fillmore County,2,9.976703929024327e-05,0.33577721747609046,0.0,2,1.0
31061,Nebraska,Franklin County,2,0.38443273909440767,0.44975370205466964,0.0,2,1.0
31063,Nebraska,Frontier County,1,8.400027133747255e-05,0.4211117009691907,0.0,1,1.0
31065,Nebraska,Furnas County,1,0.00017509397101006318,0.4939481443368858,0.0,1,1.0
31067,Nebraska,Gage County,7,0.34213728776807895,0.40219434566734963,14.285714285714285,7,1.0
31069,Nebraska,Garden County,1,7.372336336927704e-05,0.41331629021118566,0.0,1,1.0
31071,Nebraska,Garfield County,1,0.7781174430185829,0.5103183863600901,0.0,1,1.0
31073,Nebraska,Gosper County,1,5.828560370242082e-05,0.1737067032828985,0.0,1,1.0
31075,Nebraska,Grant County,1,0.6737660604631246,0.5071944520801399,100.0,1,1.0
31077,Nebraska,Greeley County,1,8.654248946988452e-05,0.4562456924900238,0.0,1,1.0
31079,Nebraska,Hall County,14,0.3400120547457261,0.38582925946295543,14.285714285714285,14,1.0
31081,Nebraska,Hamilton County,3,9.150076567658153e-05,0.2577477714435346,0.0,3,1.0
31083,Nebraska,Harlan County,1,0.00012763539070630224,0.4437118915791075,0.0,1,1.0
31085,Nebraska,Hayes County,1,4.761591126961255e-05,0.3782815679996225,0.0,1,1.0
31087,Nebraska,Hitchcock County,1,0.8230124429587428,0.5597211019565841,100.0,1,1.0
31089,Nebraska,Holt County,4,8.043223980546312e-05,0.3056464229073261,0.0,4,1.0
31091,Nebraska,Hooker County,1,0.6870452632607018,0.4684505238765324,100.0,1,1.0
31093,Nebraska,Howard County,2,0.0001087399257606191,0.3451866485427786,0.0,2,1.0
31095,Nebraska,Jefferson County,3,0.7885341126029788,0.6292157228845089,33.33333333333333,3,1.0
31097,Nebraska,Johnson County,2,0.37178628500648236,0.3580293518539019,0.0,2,1.0
31099,Nebraska,Kearney County,2,8.46527508930103e-05,0.2599466974383672,0.0,2,1.0
31101,Nebraska,Keith County,3,0.22875402211424914,0.45585815386532724,0.0,3,1.0
31103,Nebraska,Keya Paha County,1,0.672709883396577,0.46792584277842997,100.0,1,1.0
31105,Nebraska,Kimball County,1,0.00010128003559775871,0.4518927272478672,0.0,1,1.0
31107,Nebraska,Knox County,3,7.911821159361331e-05,0.3955908836946605,0.0,3,1.0
31109,Nebraska,Lancaster County,68,0.2878912979933406,0.34934612593363645,14.705882352941178,74,0.918918918918919
31111,Nebraska,Lincoln County,8,0.10901255384742856,0.32270412108360474,0.0,8,1.0
31113,Nebraska,Logan County,1,4.16383892113937e-05,0.24178716634894304,0.0,1,1.0
31115,Nebraska,Loup County,1,4.112126752193744e-05,0.349035107544815,0.0,1,1.0
31117,Nebraska,McPherson County,1,4.1971772142798534e-05,0.3231474774507828,0.0,1,1.0
31119,Nebraska,Madison County,9,0.26143992220306145,0.38490800105439404,11.11111111111111,9,1.0
31121,Nebraska,Merrick County,3,6.526817158266635e-05,0.3113131612977838,0.0,3,1.0
31123,Nebraska,Morrill County,1,0.878292663914791,0.5556200017826408,100.0,1,1.0
31125,Nebraska,Nance County,1,0.8549675164262857,0.5362918089012398,0.0,1,1.0
31127,Nebraska,Nemaha County,2,0.00011320193441710934,0.41700230147295236,0.0,2,1.0
31129,Nebraska,Nuckolls County,2,0.3750478922825326,0.4650820583599232,0.0,2,1.0
31131,Nebraska,Otoe County,5,8.167250512153096e-05,0.28130785503183453,0.0,5,1.0
31133,Nebraska,Pawnee County,1,7.139335406466592e-05,0.41685982162758206,0.0,1,1.0
31135,Nebraska,Perkins County,1,7.852331142765166e-05,0.23934513594619558,0.0,1,1.0
31137,Nebraska,Phelps County,3,7.962325402697421e-05,0.256188327338832,0.0,3,1.0
31139,Nebraska,Pierce County,2,0.00011152237133265548,0.34507287395384306,0.0,2,1.0
31141,Nebraska,Platte County,7,0.00010341026254637193,0.23217324323735347,0.0,7,1.0
31143,Nebraska,Polk County,2,7.500927783559913e-05,0.2566524946475258,0.0,2,1.0
31145,Nebraska,Red Willow County,3,0.27356800572785994,0.4985621099693107,33.33333333333333,3,1.0
31147,Nebraska,Richardson County,3,0.3002582369870565,0.45419626456260986,0.0,3,1.0
31149,Nebraska,Rock County,1,5.881420351342254e-05,0.3684075424532505,0.0,1,1.0
31151,Nebraska,Saline County,4,0.2207950416176771,0.41249515834668865,25.0,4,1.0
31153,Nebraska,Sarpy County,43,0.1548570187949182,0.18616020235934722,13.953488372093023,43,1.0
31155,Nebraska,Saunders County,5,0.0001345618860583715,0.24048296803728425,0.0,5,1.0
31157,Nebraska,Scotts Bluff County,11,0.20096362503805257,0.4354688154278662,0.0,11,1.0
31159,Nebraska,Seward County,4,0.0001227206300223771,0.2030366031917873,0.0,4,1.0
31161,Nebraska,Sheridan County,2,0.3728444906601894,0.5258807516399544,0.0,2,1.0
31163,Nebraska,Sherman County,1,0.00011391300893132514,0.4022374257447891,0.0,1,1.0
31165,Nebraska,Sioux County,1,0.6922065100497891,0.5022903684127491,100.0,1,1.0
31167,Nebraska,Stanton County,2,9.366587269479014e-05,0.31085289615739664,0.0,2,1.0
31169,Nebraska,Thayer County,2,8.537526792895614e-05,0.398836850621443,0.0,2,1.0
31171,Nebraska,Thomas County,1,4.049530033998113e-05,0.23750321129456947,0.0,1,1.0
31173,Nebraska,Thurston County,2,0.7376259125211911,0.5796987352427795,0.0,2,1.0
31175,Nebraska,Valley County,2,6.754111323374411e-05,0.3271092737163574,0.0,2,1.0
31177,Nebraska,Washington County,5,0.17229085354467855,0.24709720406012195,20.0,5,1.0
31179,Nebraska,Wayne County,2,0.4431895843517439,0.30011343839021476,0.0,2,1.0
31181,Nebraska,Webster County,2,0.376826689380207,0.42485685854264704,0.0,2,1.0
31183,Nebraska,Wheeler County,1,4.385698837586899e-05,0.340984336208009,0.0,1,1.0
31185,Nebraska,York County,4,8.912761921853038e-05,0.28353159878271117,0.0,4,1.0
32001,Nevada,Churchill County,7,0.41123208024259733,0.48686240846274,14.285714285714285,7,1.0
32003,Nevada,Clark County,486,0.2118718662065579,0.3773454238294989,6.172839506172839,487,0.997946611909651
32005,Nevada,Douglas County,16,0.09234894706954258,0.30812894958340104,6.25,16,1.0
32007,Nevada,Elko County,14,0.09930206054334396,0.27558608358209596,7.142857142857142,14,1.0
32009,Nevada,Esmeralda County,1,0.6457065625246893,0.5860558035858847,100.0,1,1.0
32011,Nevada,Eureka County,1,4.476800833361464e-05,0.11263724172166366,0.0,1,1.0
32013,Nevada,Humboldt County,4,0.18703430384701278,0.24060505956309847,25.0,4,1.0
32015,Nevada,Lander County,1,5.9757108137326666e-05,0.059989054334979815,0.0,1,1.0
32017,Nevada,Lincoln County,2,7.52579932121314e-05,0.39473292398586457,0.0,2,1.0
32019,Nevada,Lyon County,10,0.23631085991018005,0.5090786797491111,0.0,10,1.0
32021,Nevada,Mineral County,2,0.36883724836438764,0.618083475054724,50.0,2,1.0
32023,Nevada,Nye County,9,0.4950827822759521,0.6440053402114327,55.55555555555556,9,1.0
32027,Nevada,Pershing County,1,0.00014148456406981735,0.5484958058138724,0.0,1,1.0
32029,Nevada,Storey County,1,0.00013446527992404844,0.4253902354847117,0.0,1,1.0
32031,Nevada,Washoe County,106,0.17931246660520395,0.29700151123442364,7.547169811320755,108,0.9814814814814815
32033,Nevada,White Pine County,3,9.215505590694533e-05,0.3359012275774738,0.0,3,1.0
32510,Nevada,Carson City,13,0.2316618148220605,0.3980071707105035,0.0,13,1.0
33001,New Hampshire,Belknap County,15,0.16133840867171545,0.2560188072757898,6.666666666666667,15,1.0
33003,New Hampshire,Carroll County,11,0.5423049382778772,0.3629587180813566,9.090909090909092,11,1.0
33005,New Hampshire,Cheshire County,16,0.298846215611127,0.27906917544915316,18.75,16,1.0
33007,New Hampshire,Coos County,11,0.6491688371679843,0.49225860674612937,27.27272727272727,11,1.0
33009,New Hampshire,Grafton County,19,0.39905105129388385,0.2905819327740256,15.789473684210526,19,1.0
33011,New Hampshire,Hillsborough County,84,0.2112551828616787,0.22458062267268744,7.142857142857142,85,0.9882352941176471
33013,New Hampshire,Merrimack County,36,0.15005254041682375,0.19433580186799787,8.333333333333332,36,1.0
33015,New Hampshire,Rockingham County,64,0.11392877024359138,0.09797939358335539,10.9375,64,1.0
33017,New Hampshire,Strafford County,25,0.4264289765474747,0.17825388763046232,28.000000000000004,25,1.0
33019,New Hampshire,Sullivan County,10,0.4208485283759222,0.35381024441752673,40.0,10,1.0
34001,New Jersey,Atlantic County,68,0.2619665863074449,0.30967015082181953,19.11764705882353,69,0.9855072463768116
34003,New Jersey,Bergen County,179,0.08612696031667742,0.07125987724449337,0.0,179,1.0
34005,New Jersey,Burlington County,114,0.1564974058653268,0.15353452543547894,7.894736842105263,114,1.0
34007,New Jersey,Camden County,127,0.24693941659374777,0.2551894331103693,11.023622047244094,127,1.0
34009,New Jersey,Cape May County,32,0.26993085613686796,0.2283333223644331,18.75,32,1.0
34011,New Jersey,Cumberland County,31,0.5993665082639515,0.48409580192370705,25.806451612903224,33,0.9393939393939394
34013,New Jersey,Essex County,206,0.337592142631293,0.3372755001763298,1.4563106796116505,210,0.9809523809523809
34015,New Jersey,Gloucester County,63,0.0947888975711427,0.14023792054134554,6.349206349206349,63,1.0
34017,New Jersey,Hudson County,164,0.18695472218145234,0.17511906758279716,0.0,165,0.9939393939393939
34019,New Jersey,Hunterdon County,26,0.02165717544290991,0.03100595077560283,0.0,26,1.0
34021,New Jersey,Mercer County,75,0.2500837796377289,0.2398176673179153,1.3333333333333335,77,0.974025974025974
34023,New Jersey,Middlesex County,175,0.10278402494053239,0.11703116407931026,2.857142857142857,175,1.0
34025,New Jersey,Monmouth County,142,0.11915084536405299,0.10908847055466164,4.225352112676056,143,0.993006993006993
34027,New Jersey,Morris County,100,0.03721525112940733,0.04032290569986508,0.0,100,1.0
34029,New Jersey,Ocean County,123,0.2710929531215775,0.23241458331913453,20.32520325203252,125,0.984
34031,New Jersey,Passaic County,99,0.2281695551225819,0.3042151519732059,1.0101010101010102,100,0.99
34033,New Jersey,Salem County,24,0.2777146589279805,0.28647083519135474,20.833333333333336,24,1.0
34035,New Jersey,Somerset County,68,0.06862986224123467,0.05721406334746357,1.4705882352941175,68,1.0
34037,New Jersey,Sussex County,41,0.0704397520460384,0.10103621860267933,2.4390243902439024,41,1.0
34039,New Jersey,Union County,108,0.24614462142890403,0.20697929829074474,1.8518518518518516,108,1.0
34041,New Jersey,Warren County,23,0.22668937563232938,0.16528761886103913,17.391304347826086,23,1.0
35001,New Mexico,Bernalillo County,151,0.253628212186297,0.4114616752872421,10.596026490066226,153,0.9869281045751634
35003,New Mexico,Catron County,1,0.8823643416979512,0.7282379476051142,100.0,1,1.0
35005,New Mexico,Chaves County,16,0.47964185389479347,0.6141671232166195,31.25,16,1.0
35006,New Mexico,Cibola County,7,0.5955946542430206,0.7061088564877819,42.857142857142854,7,1.0
35007,New Mexico,Colfax County,3,0.5768145517947998,0.7102667971085098,33.33333333333333,3,1.0
35009,New Mexico,Curry County,12,0.4465130191263828,0.6147674327565843,33.33333333333333,12,1.0
35011,New Mexico,De Baca County,1,5.3705882737150115e-05,0.4440834975467936,0.0,1,1.0
35013,New Mexico,Doña Ana County,41,0.5786671388260674,0.7043353964720988,34.146341463414636,41,1.0
35015,New Mexico,Eddy County,12,0.31286218688095974,0.42938289464338947,25.0,12,1.0
35017,New Mexico,Grant County,8,0.3765590443587643,0.6383141767679732,25.0,8,1.0
35019,New Mexico,Guadalupe County,1,0.674000765792404,0.671260728953489,100.0,1,1.0
35021,New Mexico,Harding County,1,0.6658109236001214,0.6499583038504099,100.0,1,1.0
35023,New Mexico,Hidalgo County,2,0.7434047912478978,0.6218145454194008,50.0,2,1.0
35025,New Mexico,Lea County,18,0.23852247101023524,0.4054800432403423,22.22222222222222,18,1.0
35027,New Mexico,Lincoln County,5,0.144641521827703,0.6254316759923729,20.0,5,1.0
35028,New Mexico,Los Alamos County,4,6.581358801440931e-05,0.01662725231527428,0.0,4,1.0
35029,New Mexico,Luna County,6,0.7576245946335591,0.7685315813814496,66.66666666666666,6,1.0
35031,New Mexico,McKinley County,17,0.5826604630492869,0.6934034959351563,58.82352941176471,17,1.0
35033,New Mexico,Mora County,1,0.7662310086991801,0.85158229409504,100.0,1,1.0
35035,New Mexico,Otero County,16,0.3175890264751879,0.5975009712954927,12.5,16,1.0
35037,New Mexico,Quay County,3,0.5049771711389317,0.737844781302203,66.66666666666666,3,1.0
35041,New Mexico,Roosevelt County,5,0.3075008144022291,0.6392094410063391,40.0,5,1.0
35043,New Mexico,Sandoval County,27,0.1530901456507713,0.43869741438695836,14.814814814814813,27,1.0
35045,New Mexico,San Juan County,33,0.3485949533441733,0.5044381264281572,39.39393939393939,33,1.0
35047,New Mexico,San Miguel County,7,0.5955527092787858,0.7556498163108091,57.14285714285714,7,1.0
35049,New Mexico,Santa Fe County,49,0.1901591137994328,0.3117132758776917,12.244897959183673,50,0.98
35051,New Mexico,Sierra County,4,0.6206964636419219,0.7853390241296136,50.0,4,1.0
35053,New Mexico,Socorro County,6,0.6177979867957946,0.7353786315196663,83.33333333333334,6,1.0
35055,New Mexico,Taos County,6,0.6356064663333363,0.6972757718037977,66.66666666666666,6,1.0
35057,New Mexico,Torrance County,4,0.8022555964605118,0.6642491347464028,50.0,4,1.0
35059,New Mexico,Union County,1,0.7848680991992342,0.6427334315375439,100.0,1,1.0
35061,New Mexico,Valencia County,18,0.4736973017605425,0.6172317856563836,38.88888888888889,18,1.0
36001,New York,Albany County,74,0.15507152755539558,0.2069831504850188,5.405405405405405,75,0.9866666666666667
36003,New York,Allegany County,12,0.7619544232309879,0.5396316607699878,8.333333333333332,13,0.9230769230769231
36005,New York,Bronx County,327,0.12091288145223199,0.2156539357775068,0.0,336,0.9732142857142857
36007,New York,Broome County,54,0.3511470470790688,0.4397373182801227,5.555555555555555,55,0.9818181818181818
36009,New York,Cattaraugus County,20,0.5016119393816223,0.4806748664268909,5.0,20,1.0
36011,New York,Cayuga County,19,0.25613315262984326,0.3592831791447381,5.263157894736842,19,1.0
36013,New York,Chautauqua County,34,0.4658852706007471,0.5037634734128704,17.647058823529413,35,0.9714285714285714
36015,New York,Chemung County,21,0.39926385674387205,0.4841864703961142,14.285714285714285,22,0.9545454545454546
36017,New York,Chenango County,12,0.5588311909732435,0.5075981558405293,8.333333333333332,12,1.0
36019,New York,Clinton County,18,0.24377604285668075,0.40946560335350013,5.555555555555555,19,0.9473684210526315
36021,New York,Columbia County,21,0.05581384785945548,0.277218572945833,9.523809523809524,21,1.0
36023,New York,Cortland County,11,0.36132758462739756,0.4052912801612422,0.0,12,0.9166666666666666
36025,New York,Delaware County,13,0.6839357549953272,0.472660086645903,7.6923076923076925,14,0.9285714285714286
36027,New York,Dutchess County,76,0.0854793460915773,0.1410778856709439,2.631578947368421,78,0.9743589743589743
36029,New York,Erie County,230,0.27221624632264146,0.36683876943741756,11.304347826086957,236,0.9745762711864406
36031,New York,Essex County,13,0.17094326318509967,0.3413764051172109,0.0,13,1.0
36033,New York,Franklin County,14,0.33501058592183336,0.41227309353410097,28.57142857142857,14,1.0
36035,New York,Fulton County,15,0.4558400010059663,0.48672222604178617,0.0,15,1.0
36037,New York,Genesee County,15,0.17439150012090418,0.361688693129593,0.0,15,1.0
36039,New York,Greene County,14,0.2045964387435022,0.3468701444601244,0.0,15,0.9333333333333333
36041,New York,Hamilton County,4,0.1737051247623974,0.31236101645473063,0.0,4,1.0
36043,New York,Herkimer County,19,0.38293625622567523,0.4125452617337902,10.526315789473683,19,1.0
36045,New York,Jefferson County,24,0.42673771766050317,0.4836686293991675,20.833333333333336,25,0.96
36047,New York,Kings County,744,0.12852084600864908,0.1403832791857518,0.0,754,0.986737400530504
36049,New York,Lewis County,7,0.4748697949354615,0.5309498851931429,57.14285714285714,7,1.0
36051,New York,Livingston County,13,0.2334406817874857,0.35526883984988833,15.384615384615385,15,0.8666666666666667
36053,New York,Madison County,16,0.14583505962864193,0.3544714717401216,12.5,16,1.0
36055,New York,Monroe County,185,0.29961361495315797,0.41949131233714687,9.18918918918919,191,0.9685863874345549
36057,New York,Montgomery County,16,0.5197961337587941,0.5617867400653991,50.0,16,1.0
36059,New York,Nassau County,275,0.03122385080210543,0.04699030176229941,0.0,279,0.985663082437276
36061,New York,New York County,271,0.009268525400369208,0.017088474923032077,0.0,286,0.9475524475524476
36063,New York,Niagara County,60,0.3021824423098639,0.4305909711404002,10.0,60,1.0
36065,New York,Oneida County,68,0.3264787693130217,0.4403184774322821,10.294117647058822,74,0.918918918918919
36067,New York,Onondaga County,137,0.25981109309069167,0.35015884030695654,8.02919708029197,140,0.9785714285714285
36069,New York,Ontario County,25,0.14053168996847906,0.3104236128337512,8.0,25,1.0
36071,New York,Orange County,79,0.1820778307525371,0.19442550320059845,8.860759493670885,79,1.0
36073,New York,Orleans County,10,0.6626742795357731,0.522745689003604,20.0,10,1.0
36075,New York,Oswego County,29,0.43211417201036145,0.4895705899903118,6.896551724137931,29,1.0
36077,New York,Otsego County,16,0.45000313869352326,0.3822548252148082,37.5,17,0.9411764705882353
36079,New York,Putnam County,19,9.694356422583474e-05,0.03829224984827832,0.0,19,1.0
36081,New York,Queens County,640,0.10130678079754771,0.12201402936251453,0.0,656,0.975609756097561
36083,New York,Rensselaer County,42,0.24766416763255375,0.27762721684523145,14.285714285714285,42,1.0
36085,New York,Richmond County,106,0.0941339808616296,0.1226422301464825,0.0,108,0.9814814814814815
36087,New York,Rockland County,65,0.19988176680264472,0.18443405435615923,7.6923076923076925,65,1.0
36089,New York,St. Lawrence County,25,0.5093634015108875,0.48880437299729534,36.0,28,0.8928571428571429
36091,New York,Saratoga County,49,0.1260085928705501,0.16714620053166426,2.0408163265306123,50,0.98
36093,New York,Schenectady County,43,0.29314668062148486,0.2878205142515228,2.3255813953488373,43,1.0
36095,New York,Schoharie County,7,0.7355216176041759,0.4347205076289537,0.0,8,0.875
36097,New York,Schuyler County,5,0.16737336086717047,0.4291048236633325,0.0,5,1.0
36099,New York,Seneca County,10,0.23299438780464596,0.3599832196487715,0.0,10,1.0
36101,New York,Steuben County,30,0.46080004466913443,0.43513749769172894,13.333333333333334,30,1.0
36103,New York,Suffolk County,322,0.04895208184334269,0.08248494370590936,1.8633540372670807,322,1.0
36105,New York,Sullivan County,24,0.3174999348791324,0.364773932822009,8.333333333333332,24,1.0
36107,New York,Tioga County,10,0.32411837525136195,0.3852556940129741,0.0,10,1.0
36109,New York,Tompkins County,22,0.21182019334441524,0.22095043341920578,18.181818181818183,23,0.9565217391304348
36111,New York,Ulster County,47,0.20182218619929906,0.2791247328449006,10.638297872340425,47,1.0
36113,New York,Warren County,19,0.22758259311204898,0.29453251730709135,0.0,19,1.0
36115,New York,Washington County,17,0.2491359361709871,0.4070254617411577,5.88235294117647,17,1.0
36117,New York,Wayne County,22,0.48136905623009424,0.41067333318692967,13.636363636363635,22,1.0
36119,New York,Westchester County,218,0.08336575982488251,0.09970431354454054,0.9174311926605505,221,0.9864253393665159
36121,New York,Wyoming County,11,0.21451018365550265,0.3571040937075373,0.0,11,1.0
36123,New York,Yates County,5,0.1652616562019609,0.27575491278709324,0.0,5,1.0
37001,North Carolina,Alamance County,36,0.30089159586138176,0.520435208756874,27.77777777777778,36,1.0
37003,North Carolina,Alexander County,7,0.38531848266773966,0.6237478104881379,14.285714285714285,7,1.0
37005,North Carolina,Alleghany County,3,0.8722765267986231,0.8010609176826105,0.0,3,1.0
37007,North Carolina,Anson County,6,0.5486924969210628,0.7326546192746687,16.666666666666664,6,1.0
37009,North Carolina,Ashe County,6,0.5705776934693013,0.6557406879430975,33.33333333333333,6,1.0
37011,North Carolina,Avery County,5,0.5222415659797139,0.6368510536185481,0.0,5,1.0
37013,North Carolina,Beaufort County,11,0.30430788811958054,0.5816077044236838,27.27272727272727,11,1.0
37015,North Carolina,Bertie County,4,0.9179998721988268,0.8582978046074732,75.0,4,1.0
37017,North Carolina,Bladen County,6,0.8945690724558654,0.8365706466776589,50.0,6,1.0
37019,North Carolina,Brunswick County,32,0.21666209635581124,0.44036324862107734,6.25,32,1.0
37021,North Carolina,Buncombe County,56,0.19673263524298565,0.4240945782260296,12.5,56,1.0
37023,North Carolina,Burke County,18,0.4348146694115655,0.665540001697977,16.666666666666664,18,1.0
37025,North Carolina,Cabarrus County,37,0.29805402976560164,0.3967294448271901,18.91891891891892,37,1.0
37027,North Carolina,Caldwell County,17,0.4164629297623765,0.6641433848008137,35.294117647058826,17,1.0
37029,North Carolina,Camden County,2,0.0001805126809099301,0.41566009530760273,0.0,2,1.0
37031,North Carolina,Carteret County,36,0.1412101193763773,0.36338875418347544,5.555555555555555,36,1.0
37033,North Carolina,Caswell County,6,0.42626989098189166,0.5942787025501862,16.666666666666664,6,1.0
37035,North Carolina,Catawba County,31,0.23520133946903396,0.5136805504023053,19.35483870967742,31,1.0
37037,North Carolina,Chatham County,13,0.31542104827553463,0.34385761886977284,30.76923076923077,13,1.0
37039,North Carolina,Cherokee County,7,0.48007821407755774,0.6621202361294409,14.285714285714285,7,1.0
37041,North Carolina,Chowan County,3,0.5606863312624029,0.7076928161578936,33.33333333333333,3,1.0
37043,North Carolina,Clay County,2,0.8989857379203601,0.7368488308958134,0.0,2,1.0
37045,North Carolina,Cleveland County,22,0.6320819154233264,0.6824286761540899,27.27272727272727,22,1.0
37047,North Carolina,Columbus County,13,0.7369440545606611,0.7468285866973772,7.6923076923076925,13,1.0
37049,North Carolina,Craven County,21,0.3209361772181279,0.5540509432708985,9.523809523809524,21,1.0
37051,North Carolina,Cumberland County,64,0.4558747828268735,0.6582993136621634,34.375,67,0.9552238805970149
37053,North Carolina,Currituck County,7,0.21638832169867547,0.3684945828415585,0.0,7,1.0
37055,North Carolina,Dare County,9,0.07853942206553324,0.3885707569146121,0.0,9,1.0
37057,North Carolina,Davidson County,34,0.263641293825556,0.5730056593959246,20.588235294117645,34,1.0
37059,North Carolina,Davie County,7,0.13036464959241975,0.5034800755310949,0.0,7,1.0
37061,North Carolina,Duplin County,11,0.5353215452554105,0.7240054814579893,18.181818181818183,11,1.0
37063,North Carolina,Durham County,57,0.3342072508121628,0.4028069560932912,14.035087719298245,60,0.95
37065,North Carolina,Edgecombe County,14,0.6743720259521443,0.7487151050314009,42.857142857142854,14,1.0
37067,North Carolina,Forsyth County,92,0.3000967780145531,0.46590757871739386,23.91304347826087,93,0.989247311827957
37069,North Carolina,Franklin County,12,0.7169340809826977,0.5990766254153417,25.0,12,1.0
37071,North Carolina,Gaston County,65,0.44444631509748433,0.5145366328675199,21.53846153846154,65,1.0
37073,North Carolina,Gates County,3,0.5695981517290074,0.5076327690272104,33.33333333333333,3,1.0
37075,North Carolina,Graham County,3,0.7923771830584144,0.6439735064524247,0.0,3,1.0
37077,North Carolina,Granville County,12,0.2743056171548343,0.550564887024113,25.0,13,0.9230769230769231
37079,North Carolina,Greene County,4,0.8860364263469581,0.7849545255486432,0.0,4,1.0
37081,North Carolina,Guilford County,118,0.350421237487685,0.49272950531352877,15.254237288135593,118,1.0
37083,North Carolina,Halifax County,12,0.7188928491861745,0.8056139020898825,25.0,12,1.0
37085,North Carolina,Harnett County,27,0.34544868899580733,0.5530219928799267,14.814814814814813,27,1.0
37087,North Carolina,Haywood County,15,0.10303622053610573,0.5214574929606205,6.666666666666667,16,0.9375
37089,North Carolina,Henderson County,26,0.11827686676328475,0.4099503890368977,7.6923076923076925,26,1.0
37091,North Carolina,Hertford County,5,0.5521212472785229,0.7867104817993191,40.0,5,1.0
37093,North Carolina,Hoke County,8,0.5188169337707951,0.7336846160872519,25.0,8,1.0
37095,North Carolina,Hyde County,1,0.9506850471342078,0.8580953291169949,100.0,1,1.0
37097,North Carolina,Iredell County,44,0.24112045846420463,0.4023015952766746,11.363636363636363,44,1.0
37099,North Carolina,Jackson County,9,0.5226150996987656,0.564920314201529,0.0,9,1.0
37101,North Carolina,Johnston County,25,0.6589845007997316,0.5839436069937666,8.0,25,1.0
37103,North Carolina,Jones County,3,0.8481285156217268,0.7329487551309418,0.0,3,1.0
37105,North Carolina,Lee County,13,0.3670997560956258,0.5837068913014085,15.384615384615385,13,1.0
37107,North Carolina,Lenoir County,15,0.5483422726930722,0.7447707793647709,26.666666666666668,15,1.0
37109,North Carolina,Lincoln County,18,0.4334938364209805,0.5134087350374059,16.666666666666664,18,1.0
37111,North Carolina,McDowell County,10,0.6135651511931686,0.6986862462665712,0.0,10,1.0
37113,North Carolina,Macon County,9,0.28526194799759763,0.560452004000572,22.22222222222222,9,1.0
37115,North Carolina,Madison County,6,0.5381664378750339,0.6508922627299817,33.33333333333333,6,1.0
37117,North Carolina,Martin County,6,0.7081779187888864,0.7406788869241588,16.666666666666664,6,1.0
37119,North Carolina,Mecklenburg County,230,0.27430855906466284,0.3575173515792519,8.26086956521739,231,0.9956709956709957
37121,North Carolina,Mitchell County,4,0.20970052990384655,0.5978498644843181,0.0,4,1.0
37123,North Carolina,Montgomery County,6,0.576127177849151,0.6538259327231857,16.666666666666664,6,1.0
37125,North Carolina,Moore County,18,0.19570264457169573,0.38351349037213334,11.11111111111111,18,1.0
37127,North Carolina,Nash County,18,0.24443326802789184,0.550311825462107,5.555555555555555,18,1.0
37129,North Carolina,New Hanover County,43,0.30306129103194357,0.4234525714323587,18.6046511627907,44,0.9772727272727273
37131,North Carolina,Northampton County,5,0.7235408968389073,0.7725665983619671,0.0,5,1.0
37133,North Carolina,Onslow County,29,0.303066642802176,0.6134932094032315,27.586206896551722,31,0.9354838709677419
37135,North Carolina,Orange County,27,0.15270780631927902,0.1997041550252342,0.0,28,0.9642857142857143
37137,North Carolina,Pamlico County,4,0.21505043672766694,0.5323609755768218,25.0,4,1.0
37139,North Carolina,Pasquotank County,10,0.39037341831164424,0.5675977360249431,50.0,10,1.0
37141,North Carolina,Pender County,15,0.38393927600214656,0.45359357465085387,6.666666666666667,15,1.0
37143,North Carolina,Perquimans County,3,0.254965616003145,0.6813376483203287,0.0,3,1.0
37145,North Carolina,Person County,7,0.48661668312504675,0.5967413495045159,42.857142857142854,7,1.0
37147,North Carolina,Pitt County,32,0.5180165798359203,0.5740161227752961,28.125,32,1.0
37149,North Carolina,Polk County,7,9.119527417625239e-05,0.4736819230779049,0.0,7,1.0
37151,North Carolina,Randolph County,28,0.38464556451620585,0.6286037023510607,21.428571428571427,28,1.0
37153,North Carolina,Richmond County,11,0.6062645937666477,0.7779278056223256,27.27272727272727,11,1.0
37155,North Carolina,Robeson County,31,0.7044780877415617,0.7574920480188009,19.35483870967742,31,1.0
37157,North Carolina,Rockingham County,21,0.4050924382024144,0.6274931612142629,23.809523809523807,21,1.0
37159,North Carolina,Rowan County,30,0.4732099371501614,0.5891223686407238,23.333333333333332,30,1.0
37161,North Carolina,Rutherford County,13,0.5517881827280576,0.6895352579408776,15.384615384615385,13,1.0
37163,North Carolina,Sampson County,11,0.6345787782421909,0.74585783495346,18.181818181818183,11,1.0
37165,North Carolina,Scotland County,7,0.6300869474734389,0.7604461593961884,57.14285714285714,7,1.0
37167,North Carolina,Stanly County,13,0.26081240092948155,0.5628479643769753,7.6923076923076925,13,1.0
37169,North Carolina,Stokes County,9,0.3105539570199715,0.6447886643149113,22.22222222222222,9,1.0
37171,North Carolina,Surry County,22,0.4007538555426527,0.5750238473407913,4.545454545454546,22,1.0
37173,North Carolina,Swain County,4,0.6168137252481471,0.6722985976529132,0.0,4,1.0
37175,North Carolina,Transylvania County,7,0.3720971055413935,0.6546711663221466,0.0,7,1.0
37177,North Carolina,Tyrrell County,1,0.8643977827196655,0.7480009610852357,0.0,1,1.0
37179,North Carolina,Union County,41,0.1858464699731804,0.31715201272079674,14.634146341463413,41,1.0
37181,North Carolina,Vance County,10,0.6694827314471207,0.7542109051084651,20.0,10,1.0
37183,North Carolina,Wake County,184,0.21024313580601464,0.2294762291298725,9.782608695652174,187,0.983957219251337
37185,North Carolina,Warren County,6,0.4176521390097294,0.6505295178040968,16.666666666666664,6,1.0
37187,North Carolina,Washington County,3,0.8523967202304398,0.7561145252885004,0.0,3,1.0
37189,North Carolina,Watauga County,13,0.25656306341798757,0.426755979756159,0.0,13,1.0
37191,North Carolina,Wayne County,26,0.5333201756223725,0.6839111128241774,38.46153846153847,26,1.0
37193,North Carolina,Wilkes County,14,0.6045289285259615,0.7045024601222606,14.285714285714285,14,1.0
37195,North Carolina,Wilson County,19,0.556936162171017,0.6724253075109573,10.526315789473683,19,1.0
37197,North Carolina,Yadkin County,7,0.2519310635512922,0.6388757231821457,0.0,7,1.0
37199,North Carolina,Yancey County,5,0.6794349360294685,0.6817506443168897,0.0,5,1.0
38001,North Dakota,Adams County,1,7.516182881467567e-05,0.29935676654085247,0.0,1,1.0
38003,North Dakota,Barnes County,4,7.072683537167202e-05,0.21204481653116947,0.0,4,1.0
38005,North Dakota,Benson County,4,0.3518846172015973,0.5392464823329097,25.0,4,1.0
38007,North Dakota,Billings County,1,3.623897315917121e-05,0.05128290973426948,0.0,1,1.0
38009,North Dakota,Bottineau County,3,7.117383020328709e-05,0.29007925925478745,0.0,3,1.0
38011,North Dakota,Bowman County,2,5.033705352128349e-05,0.12708135329174414,0.0,2,1.0
38013,North Dakota,Burke County,1,5.420605944398258e-05,0.12105135467068058,0.0,1,1.0
38015,North Dakota,Burleigh County,19,0.11419815891890633,0.1737523933364405,5.263157894736842,19,1.0
38017,North Dakota,Cass County,33,0.3185808291602271,0.30817282630313536,6.0606060606060606,33,1.0
38019,North Dakota,Cavalier County,2,6.569890239398985e-05,0.18281184041440707,0.0,2,1.0
38021,North Dakota,Dickey County,3,5.2976032034892516e-05,0.18112036377693716,0.0,3,1.0
38023,North Dakota,Divide County,1,6.562005735428942e-05,0.1523853673484398,0.0,1,1.0
38025,North Dakota,Dunn County,1,9.216222402732285e-05,0.13927700148641028,0.0,1,1.0
38027,North Dakota,Eddy County,1,8.283425174134545e-05,0.3287560072638709,0.0,1,1.0
38029,North Dakota,Emmons County,1,0.8489823873094712,0.4741785217528701,100.0,1,1.0
38031,North Dakota,Foster County,1,0.00010050001129810952,0.2521439851578072,0.0,1,1.0
38033,North Dakota,Golden Valley County,1,5.089609472400659e-05,0.2711608094139102,0.0,1,1.0
38035,North Dakota,Grand Forks County,18,0.3310002513080914,0.3358689856031311,22.22222222222222,18,1.0
38037,North Dakota,Grant County,1,8.167755548139448e-05,0.3223702312465582,0.0,1,1.0
38039,North Dakota,Griggs County,1,7.831196564620868e-05,0.28012606830080994,0.0,1,1.0
38041,North Dakota,Hettinger County,2,0.35752292151660525,0.3432239293213226,50.0,2,1.0
38043,North Dakota,Kidder County,1,0.7850117743116851,0.45159941562383227,100.0,1,1.0
38045,North Dakota,LaMoure County,2,6.69770966662611e-05,0.25452636489849884,0.0,2,1.0
38047,North Dakota,Logan County,1,6.693163445180494e-05,0.2707455280833822,0.0,1,1.0
38049,North Dakota,McHenry County,2,7.959696852047153e-05,0.18646468762136362,0.0,2,1.0
38051,North Dakota,McIntosh County,1,0.8163383813954727,0.4211199831903128,100.0,1,1.0
38053,North Dakota,McKenzie County,4,0.1672167957742397,0.2373441962848415,25.0,4,1.0
38055,North Dakota,McLean County,2,0.0001411718141059343,0.26962968094464,0.0,2,1.0
38057,North Dakota,Mercer County,3,7.61267087159907e-05,0.132912292390197,0.0,3,1.0
38059,North Dakota,Morton County,5,0.00013975829370290607,0.14702398448646575,0.0,5,1.0
38061,North Dakota,Mountrail County,3,5.300034515577422e-05,0.15640327350871067,0.0,3,1.0
38063,North Dakota,Nelson County,1,0.00011456205180574896,0.3494767194976873,0.0,1,1.0
38065,North Dakota,Oliver County,1,5.6216819844722355e-05,0.19169889508028795,0.0,1,1.0
38067,North Dakota,Pembina County,5,4.812865129905283e-05,0.17256386464499923,0.0,5,1.0
38069,North Dakota,Pierce County,2,0.37385368333115093,0.4868530882164081,0.0,2,1.0
38071,North Dakota,Ramsey County,3,7.675116131098899e-05,0.15160764031411392,0.0,3,1.0
38073,North Dakota,Ransom County,3,5.4882485132308106e-05,0.2585721724791783,0.0,3,1.0
38075,North Dakota,Renville County,1,7.464326077765977e-05,0.22122307785966921,0.0,1,1.0
38077,North Dakota,Richland County,6,7.027469771588951e-05,0.2150445377977702,0.0,6,1.0
38079,North Dakota,Rolette County,4,0.7038788702963934,0.6098990808337441,25.0,4,1.0
38081,North Dakota,Sargent County,2,5.747231153999853e-05,0.15212298506266825,0.0,2,1.0
38083,North Dakota,Sheridan County,1,0.7154650089992661,0.40345383175913163,100.0,1,1.0
38085,North Dakota,Sioux County,2,0.6831805993206301,0.6988166139808214,50.0,2,1.0
38087,North Dakota,Slope County,1,3.9656663862282015e-05,0.23459786774501803,0.0,1,1.0
38089,North Dakota,Stark County,8,7.089067654665054e-05,0.13682783293070047,0.0,8,1.0
38091,North Dakota,Steele County,1,6.234078331809374e-05,0.19558512362699895,0.0,1,1.0
38093,North Dakota,Stutsman County,6,0.10199771732000135,0.24497593881050625,0.0,6,1.0
38095,North Dakota,Towner County,1,7.079248642385102e-05,0.3112099425095628,0.0,1,1.0
38097,North Dakota,Traill County,4,5.6459381280050626e-05,0.1931646950717288,0.0,4,1.0
38099,North Dakota,Walsh County,6,0.11504454999232154,0.3321169743440351,0.0,6,1.0
38101,North Dakota,Ward County,13,0.11138035099173695,0.20544207756628444,7.6923076923076925,13,1.0
38103,North Dakota,Wells County,2,7.071944531224228e-05,0.23671977741750438,0.0,2,1.0
38105,North Dakota,Williams County,7,5.736044809438543e-05,0.05596824501166526,0.0,7,1.0
39001,Ohio,Adams County,6,0.7086383376974542,0.7340635827214562,33.33333333333333,6,1.0
39003,Ohio,Allen County,33,0.31491218649562125,0.5342816403030883,6.0606060606060606,33,1.0
39005,Ohio,Ashland County,11,0.22800672913763195,0.4750126872286435,9.090909090909092,11,1.0
39007,Ohio,Ashtabula County,25,0.4549897045297749,0.5856525357812585,28.000000000000004,25,1.0
39009,Ohio,Athens County,14,0.7738981093251683,0.6170839266367762,28.57142857142857,15,0.9333333333333333
39011,Ohio,Auglaize County,11,0.00011364068672448617,0.29201059159874454,0.0,11,1.0
39013,Ohio,Belmont County,20,0.2638541959686586,0.4989751329462388,15.0,20,1.0
39015,Ohio,Brown County,9,0.46901053738163917,0.5509123288396166,11.11111111111111,9,1.0
39017,Ohio,Butler County,78,0.32557970084665616,0.39428367945574705,23.076923076923077,80,0.975
39019,Ohio,Carroll County,7,0.12099191002288244,0.46056686359949567,0.0,7,1.0
39021,Ohio,Champaign County,10,0.0813310322239797,0.407788494844654,0.0,10,1.0
39023,Ohio,Clark County,44,0.4043259986849948,0.5538538195688467,22.727272727272727,44,1.0
39025,Ohio,Clermont County,39,0.21587206656895974,0.3034717469239538,12.82051282051282,40,0.975
39027,Ohio,Clinton County,9,0.17423268854993845,0.5238322181996734,22.22222222222222,9,1.0
39029,Ohio,Columbiana County,24,0.31553403405397323,0.5821281042997266,12.5,24,1.0
39031,Ohio,Coshocton County,10,0.4914472694681904,0.5682062012454073,20.0,10,1.0
39033,Ohio,Crawford County,13,0.4336822600229571,0.5750052289150182,23.076923076923077,13,1.0
39035,Ohio,Cuyahoga County,436,0.38038719837044926,0.4911063374057732,5.73394495412844,444,0.9819819819819819
39037,Ohio,Darke County,12,0.1317974932424915,0.4579757370137245,8.333333333333332,12,1.0
39039,Ohio,Defiance County,9,0.0897889032166654,0.3905402100081903,11.11111111111111,9,1.0
39041,Ohio,Delaware County,35,0.04428648332932028,0.10481383300117648,2.857142857142857,35,1.0
39043,Ohio,Erie County,18,0.3025995901966714,0.44456179987411876,16.666666666666664,18,1.0
39045,Ohio,Fairfield County,28,0.32181102756037067,0.3784873686513988,21.428571428571427,28,1.0
39047,Ohio,Fayette County,7,0.4789594670996113,0.5956977452049433,14.285714285714285,7,1.0
39049,Ohio,Franklin County,279,0.3895113910575524,0.45300075670898093,15.053763440860216,284,0.9823943661971831
39051,Ohio,Fulton County,9,0.0001456520757799476,0.3868421053290753,0.0,9,1.0
39053,Ohio,Gallia County,7,0.48918555309262385,0.6214744034228996,42.857142857142854,7,1.0
39055,Ohio,Geauga County,21,0.05089086540106195,0.12757434845168358,4.761904761904762,21,1.0
39057,Ohio,Greene County,35,0.1859881023242976,0.3389633496514778,11.428571428571429,35,1.0
39059,Ohio,Guernsey County,10,0.5032978047446155,0.6144381891296,30.0,10,1.0
39061,Ohio,Hamilton County,220,0.3362655964603754,0.38947686911618984,17.727272727272727,222,0.990990990990991
39063,Ohio,Hancock County,13,0.2593694988363955,0.3623163579049465,15.384615384615385,13,1.0
39065,Ohio,Hardin County,7,0.24085493311866957,0.494056696806833,0.0,7,1.0
39067,Ohio,Harrison County,5,0.4808269548083198,0.4897963297793573,20.0,5,1.0
39069,Ohio,Henry County,7,0.11220398377228125,0.37978055123264987,0.0,7,1.0
39071,Ohio,Highland County,9,0.5786514592131661,0.6369383403242239,11.11111111111111,9,1.0
39073,Ohio,Hocking County,7,0.4914936837549743,0.5305816551120015,14.285714285714285,7,1.0
39075,Ohio,Holmes County,8,5.645562218206589e-05,0.19282870511447822,0.0,8,1.0
39077,Ohio,Huron County,13,0.1808077787133704,0.48520549882665753,15.384615384615385,13,1.0
39079,Ohio,Jackson County,7,0.744169525004582,0.696900621954849,14.285714285714285,7,1.0
39081,Ohio,Jefferson County,23,0.44348412333714693,0.5885362488738124,26.08695652173913,23,1.0
39083,Ohio,Knox County,12,0.2777613014825823,0.43856912385384456,25.0,12,1.0
39085,Ohio,Lake County,58,0.06444819520929487,0.2952046811704692,3.4482758620689653,58,1.0
39087,Ohio,Lawrence County,16,0.4016414899136002,0.6096575508000655,6.25,16,1.0
39089,Ohio,Licking County,32,0.2544929669300133,0.39038142227182615,18.75,32,1.0
39091,Ohio,Logan County,11,0.23347288854845577,0.44444588871280166,18.181818181818183,11,1.0
39093,Ohio,Lorain County,72,0.3090536494744713,0.45191664099967954,18.055555555555554,73,0.9863013698630136
39095,Ohio,Lucas County,126,0.4179292471221856,0.5603962740108167,15.079365079365079,127,0.9921259842519685
39097,Ohio,Madison County,12,0.13151099166650584,0.29994851417918283,8.333333333333332,12,1.0
39099,Ohio,Mahoning County,70,0.4319256283205463,0.6117299471845862,34.285714285714285,70,1.0
39101,Ohio,Marion County,17,0.4976964652232007,0.5693736236871068,41.17647058823529,18,0.9444444444444444
39103,Ohio,Medina County,37,0.021305606230485264,0.17380987693081054,2.7027027027027026,37,1.0
39105,Ohio,Meigs County,6,0.7071267102308476,0.6912966852704346,66.66666666666666,6,1.0
39107,Ohio,Mercer County,9,0.0977954216876522,0.39814679685141835,11.11111111111111,9,1.0
39109,Ohio,Miami County,21,0.1562607805750643,0.34941603447898956,4.761904761904762,21,1.0
39111,Ohio,Monroe County,4,0.6295999986350289,0.5860952258078183,0.0,4,1.0
39113,Ohio,Montgomery County,152,0.342321111150322,0.4882153968431163,23.026315789473685,152,1.0
39115,Ohio,Morgan County,4,0.6356240391723,0.6853782872274906,50.0,4,1.0
39117,Ohio,Morrow County,6,0.00017410013235948278,0.383594156643315,0.0,6,1.0
39119,Ohio,Muskingum County,19,0.43577432394514043,0.609661737925275,31.57894736842105,19,1.0
39121,Ohio,Noble County,3,0.5623998670680068,0.6381783102112721,33.33333333333333,3,1.0
39123,Ohio,Ottawa County,13,0.0646997251370058,0.3339864160575869,7.6923076923076925,13,1.0
39125,Ohio,Paulding County,5,0.00010244213721340988,0.4197703669131096,0.0,5,1.0
39127,Ohio,Perry County,6,0.595476299413924,0.6559127480902399,16.666666666666664,6,1.0
39129,Ohio,Pickaway County,12,0.26659982235189655,0.43414427165718755,8.333333333333332,13,0.9230769230769231
39131,Ohio,Pike County,6,0.4456195572366357,0.612143162318863,0.0,6,1.0
39133,Ohio,Portage County,35,0.24681452379385732,0.38814673333620653,17.142857142857142,35,1.0
39135,Ohio,Preble County,12,0.0001045052844523371,0.40998991817256164,0.0,12,1.0
39137,Ohio,Putnam County,7,0.0001539192296460047,0.3111324848211724,0.0,7,1.0
39139,Ohio,Richland County,30,0.337508118373222,0.5408169356753721,33.33333333333333,30,1.0
39141,Ohio,Ross County,17,0.36552707300152987,0.5845349940542297,5.88235294117647,17,1.0
39143,Ohio,Sandusky County,15,0.20165402711710795,0.45745740626629544,6.666666666666667,15,1.0
39145,Ohio,Scioto County,20,0.5851827853568794,0.6827247125728129,10.0,20,1.0
39147,Ohio,Seneca County,14,0.28874172609619875,0.5149892606613694,21.428571428571427,14,1.0
39149,Ohio,Shelby County,10,0.07629997964126661,0.33039522472326144,10.0,10,1.0
39151,Ohio,Stark County,86,0.244476976506047,0.48860847270398045,10.465116279069768,86,1.0
39153,Ohio,Summit County,134,0.3099740736847105,0.4446485633997187,13.432835820895523,135,0.9925925925925926
39155,Ohio,Trumbull County,55,0.4218852185991993,0.5618545991356623,25.454545454545453,55,1.0
39157,Ohio,Tuscarawas County,21,0.2731900030903063,0.473234895784017,4.761904761904762,21,1.0
39159,Ohio,Union County,10,0.00013276861908735783,0.17257477236264093,0.0,10,1.0
39161,Ohio,Van Wert County,9,0.2696475993964108,0.480376440787748,11.11111111111111,9,1.0
39163,Ohio,Vinton County,3,0.5782064505220011,0.6547023480281376,33.33333333333333,3,1.0
39165,Ohio,Warren County,32,0.12262487371927865,0.1978792243484208,6.25,33,0.9696969696969697
39167,Ohio,Washington County,16,0.30522957342305596,0.5077453951909755,12.5,16,1.0
39169,Ohio,Wayne County,32,0.137948944210795,0.38216228782467554,6.25,32,1.0
39171,Ohio,Williams County,9,0.08987705008396976,0.5061770289604792,11.11111111111111,9,1.0
39173,Ohio,Wood County,27,0.11564192989736746,0.3250950366318166,7.4074074074074066,28,0.9642857142857143
39175,Ohio,Wyandot County,6,0.26083481857888907,0.4180477777367,0.0,6,1.0
40001,Oklahoma,Adair County,5,0.787296449331901,0.7632791217772079,20.0,5,1.0
40003,Oklahoma,Alfalfa County,3,6.3629963101123e-05,0.348416675343725,0.0,3,1.0
40005,Oklahoma,Atoka County,4,0.8083972787757392,0.7023970473560167,75.0,4,1.0
40007,Oklahoma,Beaver County,3,5.331692857520509e-05,0.4095334608709244,0.0,3,1.0
40009,Oklahoma,Beckham County,4,0.19040568065409616,0.4714744931246566,0.0,4,1.0
40011,Oklahoma,Blaine County,5,0.29321536932869413,0.4771872359081189,40.0,5,1.0
40013,Oklahoma,Bryan County,11,0.34336468912651125,0.5932554129864195,18.181818181818183,11,1.0
40015,Oklahoma,Caddo County,8,0.2774361219030878,0.5386206511066379,12.5,8,1.0
40017,Oklahoma,Canadian County,29,0.13401587268259504,0.2927434699302309,10.344827586206897,29,1.0
40019,Oklahoma,Carter County,11,0.20983489851728587,0.5521419015186563,9.090909090909092,11,1.0
40021,Oklahoma,Cherokee County,9,0.3364890378024412,0.5743389590274384,22.22222222222222,9,1.0
40023,Oklahoma,Choctaw County,5,0.6471168094360967,0.719371362118114,60.0,5,1.0
40025,Oklahoma,Cimarron County,2,5.4168461170508154e-05,0.4979642770192902,0.0,2,1.0
40027,Oklahoma,Cleveland County,60,0.21776224459748791,0.35295944565478127,8.333333333333332,62,0.967741935483871
40029,Oklahoma,Coal County,2,0.7653452751751508,0.5656203417670798,50.0,2,1.0
40031,Oklahoma,Comanche County,32,0.33960727590124606,0.5278596620863935,12.5,32,1.0
40033,Oklahoma,Cotton County,2,8.03930750056818e-05,0.5215890380838865,0.0,2,1.0
40035,Oklahoma,Craig County,5,0.46576511110089064,0.6205892268929647,40.0,5,1.0
40037,Oklahoma,Creek County,21,0.30524694229184857,0.5257386083364209,9.523809523809524,21,1.0
40039,Oklahoma,Custer County,5,0.4811675428407103,0.5654839172713297,60.0,5,1.0
40041,Oklahoma,Delaware County,9,0.45679843307367524,0.6983959411724638,11.11111111111111,9,1.0
40043,Oklahoma,Dewey County,3,0.2500069724766099,0.4312623404380988,33.33333333333333,3,1.0
40045,Oklahoma,Ellis County,2,0.40494204433970393,0.41895117672831517,50.0,2,1.0
40047,Oklahoma,Garfield County,12,0.21982321583022904,0.4697728336280986,0.0,12,1.0
40049,Oklahoma,Garvin County,9,0.4409044033130829,0.5499811953590176,0.0,9,1.0
40051,Oklahoma,Grady County,10,0.24290384511454288,0.5159895237405239,10.0,10,1.0
40053,Oklahoma,Grant County,2,8.209363048721131e-05,0.36982628629750103,0.0,2,1.0
40055,Oklahoma,Greer County,2,0.4102206000257498,0.5719000360898783,50.0,2,1.0
40057,Oklahoma,Harmon County,1,6.262873729906201e-05,0.5634709727581395,0.0,1,1.0
40059,Oklahoma,Harper County,2,5.4831900310534367e-05,0.33918003246445927,0.0,2,1.0
40061,Oklahoma,Haskell County,4,0.39146747111921837,0.6349679422830112,25.0,4,1.0
40063,Oklahoma,Hughes County,5,0.3246986633147488,0.6239633399773872,20.0,5,1.0
40065,Oklahoma,Jackson County,8,0.35748918083707587,0.5584848831175275,12.5,8,1.0
40067,Oklahoma,Jefferson County,3,0.7711266598935334,0.7190374575270738,33.33333333333333,3,1.0
40069,Oklahoma,Johnston County,3,0.2916866089884306,0.6453633368454993,0.0,3,1.0
40071,Oklahoma,Kay County,11,0.29454806619701446,0.543865671387477,27.27272727272727,11,1.0
40073,Oklahoma,Kingfisher County,4,9.914459760292095e-05,0.3385926576350906,0.0,4,1.0
40075,Oklahoma,Kiowa County,3,0.5228911579913577,0.6467758646269448,0.0,3,1.0
40077,Oklahoma,Latimer County,3,0.5495241340523314,0.6065054349817568,0.0,3,1.0
40079,Oklahoma,Le Flore County,12,0.5563886643946578,0.6976452377260842,41.66666666666667,12,1.0
40081,Oklahoma,Lincoln County,7,0.12261584284492319,0.5137367361670867,14.285714285714285,7,1.0
40083,Oklahoma,Logan County,8,0.3087722038140412,0.47936448632669226,25.0,8,1.0
40085,Oklahoma,Love County,3,0.2488748303496308,0.47546640238570914,0.0,3,1.0
40087,Oklahoma,McClain County,6,0.1176301950029013,0.4050956453092591,0.0,6,1.0
40089,Oklahoma,McCurtain County,8,0.8219022162422454,0.7429014947179846,62.5,8,1.0
40091,Oklahoma,McIntosh County,6,0.5483455972219594,0.7139636893583008,50.0,6,1.0
40093,Oklahoma,Major County,3,7.48669603366681e-05,0.4070116696268564,0.0,3,1.0
40095,Oklahoma,Marshall County,4,0.40362495592710523,0.6125314330232973,25.0,4,1.0
40097,Oklahoma,Mayes County,9,0.3694894939647045,0.5905004493449002,11.11111111111111,9,1.0
40099,Oklahoma,Murray County,3,0.00013424873736183818,0.4829358120146961,0.0,3,1.0
40101,Oklahoma,Muskogee County,16,0.4912400404975711,0.610973079727375,37.5,16,1.0
40103,Oklahoma,Noble County,4,8.175286427685629e-05,0.4382023046602517,0.0,4,1.0
40105,Oklahoma,Nowata County,4,0.39034170507782784,0.5815928741860932,50.0,4,1.0
40107,Oklahoma,Okfuskee County,4,0.5900733941529942,0.6946015254210987,25.0,4,1.0
40109,Oklahoma,Oklahoma County,235,0.3719800188982491,0.478894132410012,12.76595744680851,241,0.975103734439834
40111,Oklahoma,Okmulgee County,10,0.40809621972701215,0.6584625556403828,40.0,10,1.0
40113,Oklahoma,Osage County,11,0.3057099893323775,0.5242818302634735,36.36363636363637,11,1.0
40115,Oklahoma,Ottawa County,9,0.6145733602983303,0.7012634892274564,33.33333333333333,9,1.0
40117,Oklahoma,Pawnee County,5,0.31500877647461845,0.574023143718452,0.0,5,1.0
40119,Oklahoma,Payne County,17,0.4112754500985555,0.6038829585336393,23.52941176470588,17,1.0
40121,Oklahoma,Pittsburg County,12,0.25035508821065955,0.5554867290127993,25.0,13,0.9230769230769231
40123,Oklahoma,Pontotoc County,10,0.2159837911217271,0.5354561284638615,0.0,10,1.0
40125,Oklahoma,Pottawatomie County,16,0.29032380437081773,0.5830123782400539,31.25,16,1.0
40127,Oklahoma,Pushmataha County,3,0.5560761431563008,0.6652317614286551,33.33333333333333,3,1.0
40129,Oklahoma,Roger Mills County,1,0.00011665639588118351,0.4987558401888457,0.0,1,1.0
40131,Oklahoma,Rogers County,28,0.10623385167278328,0.33026392960922296,0.0,28,1.0
40133,Oklahoma,Seminole County,9,0.42676367523254527,0.6649269442794563,44.44444444444444,9,1.0
40135,Oklahoma,Sequoyah County,9,0.8379159199450833,0.7634872740404237,55.55555555555556,9,1.0
40137,Oklahoma,Stephens County,11,0.217358140172931,0.5283592011386573,18.181818181818183,11,1.0
40139,Oklahoma,Texas County,5,0.14725838020689336,0.43177812703970686,20.0,5,1.0
40141,Oklahoma,Tillman County,5,0.5832278340988761,0.6340552429401256,40.0,5,1.0
40143,Oklahoma,Tulsa County,174,0.3063065354441628,0.43134383070041254,17.24137931034483,175,0.9942857142857143
40145,Oklahoma,Wagoner County,22,0.14728262823063046,0.3595696735278304,9.090909090909092,22,1.0
40147,Oklahoma,Washington County,13,0.22503892748021953,0.5186707717498351,15.384615384615385,13,1.0
40149,Oklahoma,Washita County,4,8.194380256195226e-05,0.4216246381091129,0.0,4,1.0
40151,Oklahoma,Woods County,3,8.67439921811923e-05,0.3083188845982365,0.0,3,1.0
40153,Oklahoma,Woodward County,5,0.00010533406038593668,0.3482913554017796,0.0,5,1.0
41001,Oregon,Baker County,6,0.5269290901143278,0.5711377393210615,33.33333333333333,6,1.0
41003,Oregon,Benton County,17,0.34954174571495983,0.3246484816210566,17.647058823529413,18,0.9444444444444444
41005,Oregon,Clackamas County,79,0.11143927307322174,0.19611964248108577,7.59493670886076,80,0.9875
41007,Oregon,Clatsop County,11,0.06688883892057805,0.3560351515328674,0.0,11,1.0
41009,Oregon,Columbia County,10,0.41978607368101634,0.4238328930343636,0.0,10,1.0
41011,Oregon,Coos County,13,0.5433238281893302,0.6030427790756755,23.076923076923077,13,1.0
41013,Oregon,Crook County,4,0.4540368805124739,0.6821390422820799,50.0,4,1.0
41015,Oregon,Curry County,5,0.5144031209869958,0.5755499235286162,40.0,5,1.0
41017,Oregon,Deschutes County,24,0.22145194845631286,0.439638790252358,4.166666666666666,24,1.0
41019,Oregon,Douglas County,22,0.6045837773432091,0.6365021830338118,36.36363636363637,22,1.0
41021,Oregon,Gilliam County,1,0.7400367139487531,0.5600481545134491,100.0,1,1.0
41023,Oregon,Grant County,2,0.8563886689344704,0.6206286960294707,100.0,2,1.0
41025,Oregon,Harney County,2,0.4606786251044485,0.620025293310444,50.0,2,1.0
41027,Oregon,Hood River County,4,0.00010081820043192534,0.31978971611755674,0.0,4,1.0
41029,Oregon,Jackson County,41,0.36593523368574377,0.5409441979487398,19.51219512195122,41,1.0
41031,Oregon,Jefferson County,6,0.3871239144830126,0.566740614417827,16.666666666666664,6,1.0
41033,Oregon,Josephine County,16,0.6641244847048883,0.7429761059157559,37.5,16,1.0
41035,Oregon,Klamath County,20,0.469523653786995,0.6335087847196663,30.0,20,1.0
41037,Oregon,Lake County,2,0.8425500066602447,0.717189377691613,50.0,2,1.0
41039,Oregon,Lane County,86,0.3788615392944002,0.4752668448633818,15.11627906976744,86,1.0
41041,Oregon,Lincoln County,17,0.41999930999187973,0.5680832994475642,11.76470588235294,17,1.0
41043,Oregon,Linn County,21,0.4089698040111917,0.5926118355684903,23.809523809523807,21,1.0
41045,Oregon,Malheur County,7,0.5544213881940089,0.6520973249519189,14.285714285714285,7,1.0
41047,Oregon,Marion County,58,0.26004924868549734,0.4501819132561424,12.068965517241379,58,1.0
41049,Oregon,Morrow County,2,0.00012389636835977126,0.5415288872825277,0.0,2,1.0
41051,Oregon,Multnomah County,169,0.22112548671114943,0.24311136539693462,3.5502958579881656,171,0.9883040935672515
41053,Oregon,Polk County,12,0.35187509540260914,0.5111443608214122,16.666666666666664,12,1.0
41055,Oregon,Sherman County,1,6.24926461321892e-05,0.4183795302990498,0.0,1,1.0
41057,Oregon,Tillamook County,8,0.294482296662508,0.5481066903089363,0.0,8,1.0
41059,Oregon,Umatilla County,15,0.22073941280048956,0.5246511902330144,13.333333333333334,15,1.0
41061,Oregon,Union County,8,0.4135146640257281,0.5265873156641766,25.0,8,1.0
41063,Oregon,Wallowa County,3,0.26252711337042145,0.5178434216736937,33.33333333333333,3,1.0
41065,Oregon,Wasco County,8,0.3808786813065552,0.5144077447616804,12.5,8,1.0
41067,Oregon,Washington County,104,0.12602575954188347,0.1902223975597867,0.9615384615384616,104,1.0
41069,Oregon,Wheeler County,1,0.7496579441900396,0.6490464495269667,100.0,1,1.0
41071,Oregon,Yamhill County,17,0.39065732366968464,0.45725624612726234,11.76470588235294,17,1.0
42001,Pennsylvania,Adams County,23,0.10195883781293567,0.279402129082705,0.0,23,1.0
42003,Pennsylvania,Allegheny County,386,0.23260175764857044,0.31641265483439174,9.844559585492227,400,0.965
42005,Pennsylvania,Armstrong County,19,0.46094136453116663,0.4965560999667232,10.526315789473683,19,1.0
42007,Pennsylvania,Beaver County,50,0.287012249299493,0.37733576939337815,24.0,51,0.9803921568627451
42009,Pennsylvania,Bedford County,11,0.619650925289375,0.549095015472513,27.27272727272727,11,1.0
42011,Pennsylvania,Berks County,90,0.18129348061897638,0.3949785503038137,3.3333333333333335,90,1.0
42013,Pennsylvania,Blair County,34,0.32233479790174235,0.4933237125569297,5.88235294117647,34,1.0
42015,Pennsylvania,Bradford County,14,0.16698459980300412,0.4500525707267558,0.0,14,1.0
42017,Pennsylvania,Bucks County,142,0.09165131732286833,0.13136693537931862,5.633802816901409,142,1.0
42019,Pennsylvania,Butler County,43,0.1133242358072867,0.2549680027200149,2.3255813953488373,44,0.9772727272727273
42021,Pennsylvania,Cambria County,42,0.36767875191144983,0.5170057139474526,14.285714285714285,42,1.0
42023,Pennsylvania,Cameron County,2,0.7624068978237042,0.5606734613525283,0.0,2,1.0
42025,Pennsylvania,Carbon County,12,0.35971317222188565,0.5090879522178982,8.333333333333332,12,1.0
42027,Pennsylvania,Centre County,28,0.255576238019913,0.2666353129112456,10.714285714285714,31,0.9032258064516129
42029,Pennsylvania,Chester County,115,0.07586918707902764,0.1037301574574301,6.086956521739131,116,0.9913793103448276
42031,Pennsylvania,Clarion County,10,0.7388763603784655,0.5034886005856715,30.0,10,1.0
42033,Pennsylvania,Clearfield County,20,0.6083669239094274,0.5668921984205029,25.0,20,1.0
42035,Pennsylvania,Clinton County,9,0.36757512148798854,0.5083769305482412,11.11111111111111,9,1.0
42037,Pennsylvania,Columbia County,15,0.3309293511863215,0.4692448367637529,6.666666666666667,15,1.0
42039,Pennsylvania,Crawford County,23,0.3205194469249156,0.48409269984582864,8.695652173913043,23,1.0
42041,Pennsylvania,Cumberland County,48,0.15074289569025293,0.25917596773330404,6.25,49,0.9795918367346939
42043,Pennsylvania,Dauphin County,65,0.23524253635969966,0.3727475191429816,9.230769230769232,65,1.0
42045,Pennsylvania,Delaware County,143,0.24460613711644927,0.2487036662814436,3.4965034965034967,143,1.0
42047,Pennsylvania,Elk County,9,0.2558177845308103,0.3666172228013749,0.0,9,1.0
42049,Pennsylvania,Erie County,70,0.3739901163254011,0.4816231822280361,34.285714285714285,71,0.9859154929577465
42051,Pennsylvania,Fayette County,36,0.549096242259777,0.5654695033482804,19.444444444444446,36,1.0
42053,Pennsylvania,Forest County,3,0.7967241749836589,0.7016568631210381,66.66666666666666,3,1.0
42055,Pennsylvania,Franklin County,27,0.10959776117508574,0.40939508343251824,3.7037037037037033,27,1.0
42057,Pennsylvania,Fulton County,3,0.5732073881894298,0.5015562970926012,0.0,3,1.0
42059,Pennsylvania,Greene County,9,0.1911099341287138,0.4381891076004955,11.11111111111111,9,1.0
42061,Pennsylvania,Huntingdon County,12,0.6147728845545296,0.5214275801811491,0.0,12,1.0
42063,Pennsylvania,Indiana County,22,0.3971645005676718,0.47181038034083755,0.0,23,0.9565217391304348
42065,Pennsylvania,Jefferson County,13,0.42248402405340496,0.5063495061749606,0.0,13,1.0
42067,Pennsylvania,Juniata County,5,0.3320291721096131,0.4460136207135236,20.0,5,1.0
42069,Pennsylvania,Lackawanna County,59,0.3433024862831516,0.4365196738133008,3.389830508474576,59,1.0
42071,Pennsylvania,Lancaster County,98,0.1352133049607469,0.28917655001603776,6.122448979591836,98,1.0
42073,Pennsylvania,Lawrence County,28,0.41624570165334146,0.5186342208929635,21.428571428571427,28,1.0
42075,Pennsylvania,Lebanon County,31,0.2110932732739108,0.3864111627753463,6.451612903225806,31,1.0
42077,Pennsylvania,Lehigh County,76,0.2087682479643903,0.34683696633639305,3.9473684210526314,76,1.0
42079,Pennsylvania,Luzerne County,103,0.3606271404180392,0.436267683018028,3.8834951456310676,104,0.9903846153846154
42081,Pennsylvania,Lycoming County,29,0.28750960602264525,0.4450123601789474,17.24137931034483,29,1.0
42083,Pennsylvania,McKean County,12,0.4452328665189124,0.5433644525687221,0.0,12,1.0
42085,Pennsylvania,Mercer County,30,0.3675333266050017,0.48061730514227813,20.0,30,1.0
42087,Pennsylvania,Mifflin County,12,0.5788348430850639,0.5425091580135081,8.333333333333332,12,1.0
42089,Pennsylvania,Monroe County,33,0.04482841007062236,0.34617178857119835,0.0,33,1.0
42091,Pennsylvania,Montgomery County,210,0.0749480082569621,0.11858832272133306,1.9047619047619049,211,0.995260663507109
42093,Pennsylvania,Montour County,4,0.1483507205798374,0.2652678343658308,0.0,4,1.0
42095,Pennsylvania,Northampton County,68,0.15060877240278933,0.28649781247621836,5.88235294117647,68,1.0
42097,Pennsylvania,Northumberland County,24,0.3669355774153473,0.5090363553005307,4.166666666666666,24,1.0
42099,Pennsylvania,Perry County,10,0.07438456040516454,0.32690144556578316,10.0,10,1.0
42101,Pennsylvania,Philadelphia County,369,0.3683298376304839,0.4152471520472491,1.084010840108401,381,0.968503937007874
42103,Pennsylvania,Pike County,18,0.29812678750422683,0.3182810057483284,0.0,18,1.0
42105,Pennsylvania,Potter County,5,0.49361986855297335,0.5559184424002451,0.0,5,1.0
42107,Pennsylvania,Schuylkill County,40,0.2695284058650702,0.4804551622263302,5.0,40,1.0
42109,Pennsylvania,Snyder County,7,0.3642038946624812,0.45049240799620155,14.285714285714285,8,0.875
42111,Pennsylvania,Somerset County,21,0.46442892826030713,0.5168972327317104,14.285714285714285,21,1.0
42113,Pennsylvania,Sullivan County,2,0.4168578391507303,0.49760149675727194,0.0,2,1.0
42115,Pennsylvania,Susquehanna County,11,0.2905871464153424,0.45474452371090646,27.27272727272727,11,1.0
42117,Pennsylvania,Tioga County,10,0.5131174646454321,0.5189739586353713,20.0,10,1.0
42119,Pennsylvania,Union County,7,0.23572707634694368,0.3894957897061797,0.0,10,0.7
42121,Pennsylvania,Venango County,16,0.3868419599235798,0.533186808321597,12.5,16,1.0
42123,Pennsylvania,Warren County,13,0.49570006677846357,0.49729713449534163,15.384615384615385,13,1.0
42125,Pennsylvania,Washington County,59,0.23053466474030979,0.34695738699352857,18.64406779661017,59,1.0
42127,Pennsylvania,Wayne County,14,0.11782795581643793,0.4081685313982616,7.142857142857142,14,1.0
42129,Pennsylvania,Westmoreland County,100,0.20847055612738966,0.36656621660909444,10.0,100,1.0
42131,Pennsylvania,Wyoming County,7,0.11607480686305634,0.3978226799257744,0.0,7,1.0
42133,Pennsylvania,York County,90,0.1651109011623582,0.3836171930983849,2.2222222222222223,90,1.0
44001,Rhode Island,Bristol County,11,0.1175318083497971,0.17869517318798367,18.181818181818183,11,1.0
44003,Rhode Island,Kent County,38,0.10631969897541046,0.21111235799571523,5.263157894736842,39,0.9743589743589743
44005,Rhode Island,Newport County,22,0.11116368570353523,0.19022606251631966,0.0,22,1.0
44007,Rhode Island,Providence County,140,0.303547756975269,0.3788278772618742,3.571428571428571,141,0.9929078014184397
44009,Rhode Island,Washington County,27,0.09391834068465649,0.1257407184367359,11.11111111111111,28,0.9642857142857143
45001,South Carolina,Abbeville County,6,0.7072610866999952,0.7172256339934856,33.33333333333333,6,1.0
45003,South Carolina,Aiken County,32,0.4110484464079348,0.5917702398486487,15.625,32,1.0
45005,South Carolina,Allendale County,3,0.7864577335271651,0.7487952956670397,0.0,3,1.0
45007,South Carolina,Anderson County,39,0.3250387243657521,0.568422317450399,23.076923076923077,39,1.0
45009,South Carolina,Bamberg County,4,0.6603683812738015,0.721310581555362,25.0,4,1.0
45011,South Carolina,Barnwell County,5,0.5087482145740224,0.7448463887859462,0.0,5,1.0
45013,South Carolina,Beaufort County,39,0.22575734598692385,0.33643369816397967,20.51282051282051,40,0.975
45015,South Carolina,Berkeley County,44,0.36818179154003816,0.468886697516597,27.27272727272727,44,1.0
45017,South Carolina,Calhoun County,3,0.29264102611277765,0.5584566074568297,0.0,3,1.0
45019,South Carolina,Charleston County,84,0.3210324838577704,0.37620408959589535,15.476190476190476,85,0.9882352941176471
45021,South Carolina,Cherokee County,13,0.5761531788763433,0.6692713844573492,30.76923076923077,13,1.0
45023,South Carolina,Chester County,11,0.732409608467077,0.5973662273901273,27.27272727272727,11,1.0
45025,South Carolina,Chesterfield County,10,0.6842992451019635,0.7326995035629918,20.0,10,1.0
45027,South Carolina,Clarendon County,11,0.5160912639928865,0.700260723480926,9.090909090909092,11,1.0
45029,South Carolina,Colleton County,9,0.6063394318421522,0.7363031432511639,44.44444444444444,9,1.0
45031,South Carolina,Darlington County,16,0.6309550542442951,0.6979191132650737,31.25,16,1.0
45033,South Carolina,Dillon County,6,0.9018735632900494,0.8495351588839696,16.666666666666664,6,1.0
45035,South Carolina,Dorchester County,25,0.21757422581294766,0.3919837586419406,8.0,25,1.0
45037,South Carolina,Edgefield County,6,0.1404593467641587,0.5660089899973456,0.0,6,1.0
45039,South Carolina,Fairfield County,5,0.8838641186588501,0.8002198195737613,60.0,5,1.0
45041,South Carolina,Florence County,32,0.5007740932124667,0.6050865134040299,15.625,33,0.9696969696969697
45043,South Carolina,Georgetown County,14,0.3690929823591184,0.5808152563204843,28.57142857142857,14,1.0
45045,South Carolina,Greenville County,111,0.24212613607709418,0.433876621977546,16.216216216216218,111,1.0
45047,South Carolina,Greenwood County,14,0.368441150054709,0.6351899060371391,7.142857142857142,14,1.0
45049,South Carolina,Hampton County,5,0.7031627408480073,0.7471672673837325,20.0,5,1.0
45051,South Carolina,Horry County,70,0.27887012486606944,0.5689099559092802,11.428571428571429,71,0.9859154929577465
45053,South Carolina,Jasper County,4,0.6909842705175397,0.7738932216015292,25.0,4,1.0
45055,South Carolina,Kershaw County,15,0.5613192560614881,0.6139389311821848,40.0,15,1.0
45057,South Carolina,Lancaster County,14,0.3767825627346995,0.5696283966039363,14.285714285714285,14,1.0
45059,South Carolina,Laurens County,17,0.6477966069108345,0.6690300865931078,17.647058823529413,17,1.0
45061,South Carolina,Lee County,6,0.705541329784276,0.773630457729868,16.666666666666664,6,1.0
45063,South Carolina,Lexington County,73,0.26099797567034433,0.3910425065451313,8.21917808219178,73,1.0
45065,South Carolina,McCormick County,3,0.3158073012206744,0.6674917636406851,0.0,3,1.0
45067,South Carolina,Marion County,8,0.7368005778138793,0.7808259069409234,0.0,8,1.0
45069,South Carolina,Marlboro County,7,0.7286506338321689,0.7667054365876859,28.57142857142857,7,1.0
45071,South Carolina,Newberry County,8,0.42322323169319087,0.6647530324234823,25.0,8,1.0
45073,South Carolina,Oconee County,15,0.40579452897991614,0.5638303339069054,20.0,15,1.0
45075,South Carolina,Orangeburg County,20,0.7472718402300593,0.8263154062755855,40.0,20,1.0
45077,South Carolina,Pickens County,28,0.3464467519910044,0.4821404436713141,28.57142857142857,28,1.0
45079,South Carolina,Richland County,84,0.38104167729370625,0.524212772923407,28.57142857142857,89,0.9438202247191011
45081,South Carolina,Saluda County,5,0.6438407949701426,0.6795699217939397,0.0,5,1.0
45083,South Carolina,Spartanburg County,69,0.3076674617045027,0.5509693180102437,28.985507246376812,69,1.0
45085,South Carolina,Sumter County,23,0.5063168367230495,0.6989873601262905,17.391304347826086,23,1.0
45087,South Carolina,Union County,9,0.5354238535752309,0.6560458966244296,22.22222222222222,9,1.0
45089,South Carolina,Williamsburg County,10,0.6733188972562221,0.7609159728936579,20.0,11,0.9090909090909091
45091,South Carolina,York County,45,0.29006900488050963,0.42867910092774736,22.22222222222222,46,0.9782608695652174
46003,South Dakota,Aurora County,1,8.378439304459642e-05,0.3441744092741979,0.0,1,1.0
46005,South Dakota,Beadle County,6,0.38580644640256456,0.46480798187573136,0.0,6,1.0
46007,South Dakota,Bennett County,2,0.7149437564037191,0.614457376064715,50.0,2,1.0
46009,South Dakota,Bon Homme County,2,9.833554714210402e-05,0.3718652933092501,0.0,2,1.0
46011,South Dakota,Brookings County,6,0.298386883843569,0.25147473702949424,33.33333333333333,6,1.0
46013,South Dakota,Brown County,8,0.07602485667924583,0.29008052498269304,0.0,8,1.0
46015,South Dakota,Brule County,2,0.7637830137419772,0.5532243435449675,50.0,2,1.0
46017,South Dakota,Buffalo County,1,0.7049196854237556,0.8275719042866346,0.0,1,1.0
46019,South Dakota,Butte County,2,0.46235839430809095,0.6200632080807358,50.0,2,1.0
46021,South Dakota,Campbell County,1,5.414914743375303e-05,0.30055596627659337,0.0,1,1.0
46023,South Dakota,Charles Mix County,3,0.5051877816127385,0.5127219169054588,0.0,3,1.0
46025,South Dakota,Clark County,1,0.00012025049907313995,0.43975100142414403,0.0,1,1.0
46027,South Dakota,Clay County,3,0.5887539670949288,0.3653901255692104,33.33333333333333,3,1.0
46029,South Dakota,Codington County,7,0.2422017723132464,0.35572746935928734,0.0,7,1.0
46031,South Dakota,Corson County,2,0.6977994881035074,0.767245286446467,50.0,2,1.0
46033,South Dakota,Custer County,2,0.00016377449889754995,0.4179840148876247,0.0,2,1.0
46035,South Dakota,Davison County,4,0.21458093263747813,0.4052241780180714,25.0,4,1.0
46037,South Dakota,Day County,3,0.5109175696409051,0.5024879644701389,33.33333333333333,3,1.0
46039,South Dakota,Deuel County,2,7.621704498561741e-05,0.3236733999333392,0.0,2,1.0
46041,South Dakota,Dewey County,2,0.691001296741108,0.648582892239917,50.0,2,1.0
46043,South Dakota,Douglas County,1,9.106185127860032e-05,0.3138245639828843,0.0,1,1.0
46045,South Dakota,Edmunds County,2,5.9738451852696775e-05,0.238589425215005,0.0,2,1.0
46047,South Dakota,Fall River County,2,0.40993028867536946,0.44938845838969976,50.0,2,1.0
46049,South Dakota,Faulk County,1,7.650835523806927e-05,0.23768998880475073,0.0,1,1.0
46051,South Dakota,Grant County,2,0.00013145831778693055,0.3289714636676559,0.0,2,1.0
46053,South Dakota,Gregory County,2,6.979117558883103e-05,0.4316804114052481,0.0,2,1.0
46055,South Dakota,Haakon County,1,0.7438493684318794,0.6954650397506305,100.0,1,1.0
46057,South Dakota,Hamlin County,2,8.043111209603412e-05,0.3133854360585302,0.0,2,1.0
46059,South Dakota,Hand County,2,6.031808034665587e-05,0.28620286930054717,0.0,2,1.0
46061,South Dakota,Hanson County,1,9.846747067452945e-05,0.25967893694758826,0.0,1,1.0
46063,South Dakota,Harding County,1,5.025216160292959e-05,0.40322327648117146,0.0,1,1.0
46065,South Dakota,Hughes County,4,7.25326705698558e-05,0.14763071559713914,0.0,4,1.0
46067,South Dakota,Hutchinson County,3,7.712612553191392e-05,0.32075259346372814,0.0,3,1.0
46069,South Dakota,Hyde County,1,5.546000071028405e-05,0.4541338106261672,0.0,1,1.0
46071,South Dakota,Jackson County,2,0.7177498454309875,0.7266939049429372,50.0,2,1.0
46073,South Dakota,Jerauld County,1,6.883159214484858e-05,0.364349416104726,0.0,1,1.0
46075,South Dakota,Jones County,1,0.695380548059992,0.6172219683011984,100.0,1,1.0
46077,South Dakota,Kingsbury County,2,8.002326278169257e-05,0.330797985619693,0.0,2,1.0
46079,South Dakota,Lake County,3,0.00011178562328090879,0.2493946776815125,0.0,3,1.0
46081,South Dakota,Lawrence County,5,0.00010476860822143038,0.30874806582562797,0.0,5,1.0
46083,South Dakota,Lincoln County,11,0.00012056138303202431,0.13788125406508087,0.0,11,1.0
46085,South Dakota,Lyman County,2,0.3323675482088993,0.5758148255191797,0.0,2,1.0
46087,South Dakota,McCook County,2,8.60985952173243e-05,0.29985728541490975,0.0,2,1.0
46089,South Dakota,McPherson County,1,9.787247258824522e-05,0.4892723858629382,0.0,1,1.0
46091,South Dakota,Marshall County,1,0.00012388139112919734,0.32846828535401346,0.0,1,1.0
46093,South Dakota,Meade County,5,0.13546924662977547,0.4484781213777976,20.0,5,1.0
46095,South Dakota,Mellette County,1,0.7429483099326613,0.8308082821179947,100.0,1,1.0
46097,South Dakota,Miner County,1,8.208349022970689e-05,0.41369301492697974,0.0,1,1.0
46099,South Dakota,Minnehaha County,42,0.3050885622681972,0.3172059001228374,14.285714285714285,42,1.0
46101,South Dakota,Moody County,2,8.257113492148675e-05,0.32094862701690396,0.0,2,1.0
46103,South Dakota,Pennington County,23,0.30031513313312574,0.4479835929212178,17.391304347826086,23,1.0
46105,South Dakota,Perkins County,1,9.053802100510033e-05,0.36014096756736474,0.0,1,1.0
46107,South Dakota,Potter County,1,8.594903029826337e-05,0.4153355368629694,0.0,1,1.0
46109,South Dakota,Roberts County,4,0.3618712821811953,0.4704405146915674,25.0,4,1.0
46111,South Dakota,Sanborn County,1,8.012803912574645e-05,0.36949802537688303,0.0,1,1.0
46115,South Dakota,Spink County,3,0.25958403497920823,0.3688949775565229,0.0,3,1.0
46117,South Dakota,Stanley County,1,7.877895033473596e-05,0.21252982795031658,0.0,1,1.0
46119,South Dakota,Sully County,1,4.725731700432485e-05,0.18819676865694188,0.0,1,1.0
46121,South Dakota,Todd County,2,0.6019238577843112,0.858489116325891,100.0,2,1.0
46123,South Dakota,Tripp County,2,0.4183202987694605,0.5125785466592848,0.0,2,1.0
46125,South Dakota,Turner County,2,0.00014278447713893385,0.380423099325988,0.0,2,1.0
46127,South Dakota,Union County,3,0.00017461022265181206,0.19655720308418034,0.0,3,1.0
46129,South Dakota,Walworth County,2,8.347409024004666e-05,0.380349347421625,0.0,2,1.0
46135,South Dakota,Yankton County,5,0.32743857505728846,0.4176538674953803,40.0,5,1.0
46137,South Dakota,Ziebach County,1,0.7007125631920734,0.7812949333918071,100.0,1,1.0
47001,Tennessee,Anderson County,17,0.2955835860541173,0.5506640885393922,5.88235294117647,17,1.0
47003,Tennessee,Bedford County,9,0.2942583419068118,0.5821274347724857,22.22222222222222,9,1.0
47005,Tennessee,Benton County,5,0.6620162937574985,0.7076881648577871,40.0,5,1.0
47007,Tennessee,Bledsoe County,3,0.5769676274402854,0.7304530676869517,0.0,3,1.0
47009,Tennessee,Blount County,26,0.1244943012272041,0.48466744718574295,0.0,28,0.9285714285714286
47011,Tennessee,Bradley County,19,0.30204550064886193,0.643995684719741,31.57894736842105,19,1.0
47013,Tennessee,Campbell County,11,0.5160750468896551,0.7160413224199894,27.27272727272727,11,1.0
47015,Tennessee,Cannon County,3,0.6080019962050726,0.5798890998610817,0.0,3,1.0
47017,Tennessee,Carroll County,7,0.37461475959238744,0.6546623382208627,0.0,7,1.0
47019,Tennessee,Carter County,17,0.689652660706088,0.7256768138060067,58.82352941176471,17,1.0
47021,Tennessee,Cheatham County,9,0.2816539170777032,0.4104289798987011,0.0,9,1.0
47023,Tennessee,Chester County,3,0.29512882664434165,0.7250847491075869,33.33333333333333,3,1.0
47025,Tennessee,Claiborne County,9,0.6580390546947765,0.7274675372733781,22.22222222222222,9,1.0
47027,Tennessee,Clay County,2,0.8839831864657767,0.8193209015288645,0.0,2,1.0
47029,Tennessee,Cocke County,8,0.6672675267804092,0.7968185834800419,50.0,9,0.8888888888888888
47031,Tennessee,Coffee County,11,0.3202463098779948,0.5917321304319655,18.181818181818183,12,0.9166666666666666
47033,Tennessee,Crockett County,5,0.4868302203190922,0.6397105482489831,20.0,5,1.0
47035,Tennessee,Cumberland County,14,0.37691070379586084,0.6908113197662409,28.57142857142857,14,1.0
47037,Tennessee,Davidson County,157,0.3544689206171515,0.45242362577036893,17.8343949044586,159,0.9874213836477987
47039,Tennessee,Decatur County,4,0.4197652353646457,0.672455345402267,0.0,4,1.0
47041,Tennessee,DeKalb County,4,0.4479559632684161,0.6154567531974195,25.0,4,1.0
47043,Tennessee,Dickson County,10,0.262194692275901,0.5180915394157972,0.0,10,1.0
47045,Tennessee,Dyer County,8,0.33220648536720876,0.6543810094437217,25.0,8,1.0
47047,Tennessee,Fayette County,11,0.15394473870210115,0.42619002159185465,0.0,11,1.0
47049,Tennessee,Fentress County,4,0.6569112252147727,0.7864721949602471,0.0,4,1.0
47051,Tennessee,Franklin County,9,0.391698999174543,0.5967499364558893,11.11111111111111,9,1.0
47053,Tennessee,Gibson County,13,0.3312444229632677,0.6353714286921998,30.76923076923077,14,0.9285714285714286
47055,Tennessee,Giles County,8,0.00014349799141186097,0.6109113061690747,0.0,8,1.0
47057,Tennessee,Grainger County,5,0.7027708330066719,0.7024252558179708,0.0,5,1.0
47059,Tennessee,Greene County,15,0.4689772557134447,0.6930313078799829,26.666666666666668,15,1.0
47061,Tennessee,Grundy County,4,0.6620971747153438,0.7594915184110504,25.0,4,1.0
47063,Tennessee,Hamblen County,12,0.4929350035259034,0.7014543683709564,50.0,12,1.0
47065,Tennessee,Hamilton County,80,0.27848017590825574,0.4523012810355439,21.25,82,0.975609756097561
47067,Tennessee,Hancock County,2,0.8485077515326667,0.8111414590198864,0.0,2,1.0
47069,Tennessee,Hardeman County,6,0.742650069880986,0.755107649824117,16.666666666666664,6,1.0
47071,Tennessee,Hardin County,6,0.2958851377822476,0.6746633345307064,16.666666666666664,6,1.0
47073,Tennessee,Hawkins County,13,0.5430301873785139,0.6891992525538845,15.384615384615385,13,1.0
47075,Tennessee,Haywood County,6,0.5411364588446574,0.669155908840192,33.33333333333333,6,1.0
47077,Tennessee,Henderson County,6,0.43020881976749453,0.7096466200658441,0.0,6,1.0
47079,Tennessee,Henry County,9,0.6404916754079757,0.7319030136028365,44.44444444444444,9,1.0
47081,Tennessee,Hickman County,6,0.7119694700145839,0.656111998754853,16.666666666666664,6,1.0
47083,Tennessee,Houston County,3,0.28600844362822275,0.6073664436578842,0.0,3,1.0
47085,Tennessee,Humphreys County,5,0.5034290898307873,0.6169947106639939,20.0,5,1.0
47087,Tennessee,Jackson County,4,0.396560391220514,0.7165656087698353,0.0,4,1.0
47089,Tennessee,Jefferson County,9,0.20776956933219448,0.7008068909221778,11.11111111111111,9,1.0
47091,Tennessee,Johnson County,5,0.6879024510491929,0.7473187444453407,20.0,5,1.0
47093,Tennessee,Knox County,109,0.22131974924966843,0.4136897704252934,16.51376146788991,112,0.9732142857142857
47095,Tennessee,Lake County,2,0.827601769991814,0.7632886364840143,0.0,2,1.0
47097,Tennessee,Lauderdale County,9,0.5345605989694069,0.7078789221859979,11.11111111111111,9,1.0
47099,Tennessee,Lawrence County,11,0.3779676432419059,0.6402348368585861,9.090909090909092,11,1.0
47101,Tennessee,Lewis County,2,0.9066117081291734,0.7659448727223616,50.0,2,1.0
47103,Tennessee,Lincoln County,9,0.29170689824189755,0.530944310766854,11.11111111111111,9,1.0
47105,Tennessee,Loudon County,10,0.08716962436454596,0.4975323472180725,10.0,10,1.0
47107,Tennessee,McMinn County,10,0.34719110814931076,0.6858269966623378,20.0,10,1.0
47109,Tennessee,McNairy County,7,0.7315970043366044,0.7361505916241704,14.285714285714285,7,1.0
47111,Tennessee,Macon County,4,0.4640305313765028,0.7117814809171594,25.0,4,1.0
47113,Tennessee,Madison County,27,0.3924005879162173,0.5898262596963159,29.629629629629626,27,1.0
47115,Tennessee,Marion County,6,0.30535384305213903,0.6243721320473589,16.666666666666664,6,1.0
47117,Tennessee,Marshall County,6,0.2829503528759134,0.5882164938310801,33.33333333333333,6,1.0
47119,Tennessee,Maury County,17,0.36449791302883117,0.49850835069681665,23.52941176470588,17,1.0
47121,Tennessee,Meigs County,3,0.2762368266348337,0.6745508455020556,0.0,3,1.0
47123,Tennessee,Monroe County,7,0.7883278460678654,0.804003822108824,14.285714285714285,7,1.0
47125,Tennessee,Montgomery County,37,0.277997407904054,0.527521216003885,18.91891891891892,39,0.9487179487179487
47127,Tennessee,Moore County,2,0.00010423266402924067,0.4361130458735978,0.0,2,1.0
47129,Tennessee,Morgan County,5,0.7181572967796448,0.770180354893092,20.0,5,1.0
47131,Tennessee,Obion County,10,0.4997462786811921,0.6467558055233589,10.0,10,1.0
47133,Tennessee,Overton County,7,0.4559865715738229,0.6319452779461134,0.0,7,1.0
47135,Tennessee,Perry County,2,0.8773345361223472,0.7870473780584251,50.0,2,1.0
47137,Tennessee,Pickett County,1,0.929834289394728,0.813538174118588,0.0,1,1.0
47139,Tennessee,Polk County,5,0.32081419411374634,0.659546522786308,20.0,5,1.0
47141,Tennessee,Putnam County,15,0.3365919419773545,0.6227147421807353,26.666666666666668,15,1.0
47143,Tennessee,Rhea County,6,0.4565152915286576,0.7088238224793947,33.33333333333333,6,1.0
47145,Tennessee,Roane County,10,0.17123278015019233,0.5485214798044131,10.0,10,1.0
47147,Tennessee,Robertson County,14,0.16591386427520247,0.44244905972086984,0.0,14,1.0
47149,Tennessee,Rutherford County,48,0.19644409021532552,0.39085285251276775,8.333333333333332,49,0.9795918367346939
47151,Tennessee,Scott County,5,0.8792234419319838,0.8068805406395463,20.0,5,1.0
47153,Tennessee,Sequatchie County,3,0.2620528710280164,0.5829143479476971,0.0,3,1.0
47155,Tennessee,Sevier County,17,0.399611390759302,0.7124105817950565,5.88235294117647,18,0.9444444444444444
47157,Tennessee,Shelby County,215,0.4865533570355432,0.590937752554594,23.25581395348837,220,0.9772727272727273
47159,Tennessee,Smith County,5,0.5168305472846227,0.5759942348024658,20.0,5,1.0
47161,Tennessee,Stewart County,3,0.26963686585646135,0.6632131394292596,0.0,3,1.0
47163,Tennessee,Sullivan County,39,0.3438762015614015,0.5896093655857219,17.94871794871795,39,1.0
47165,Tennessee,Sumner County,42,0.1448910799096856,0.32620084226618684,9.523809523809524,42,1.0
47167,Tennessee,Tipton County,13,0.20320278562596933,0.551108267950049,7.6923076923076925,13,1.0
47169,Tennessee,Trousdale County,2,0.3947141959242527,0.6173053245656581,0.0,2,1.0
47171,Tennessee,Unicoi County,4,0.45939948342379844,0.7329113992958101,0.0,4,1.0
47173,Tennessee,Union County,4,0.8925292064407742,0.7873780324102378,0.0,4,1.0
47175,Tennessee,Van Buren County,2,0.39229371885268266,0.6863433946661025,0.0,2,1.0
47177,Tennessee,Warren County,9,0.4763203413926315,0.6633575733657247,11.11111111111111,9,1.0
47179,Tennessee,Washington County,22,0.29302275406210737,0.5528672630495758,22.727272727272727,23,0.9565217391304348
47181,Tennessee,Wayne County,4,0.6542257552628524,0.7208492777336278,25.0,4,1.0
47183,Tennessee,Weakley County,10,0.5669992303588363,0.626509896582791,30.0,11,0.9090909090909091
47185,Tennessee,White County,6,0.5865743344172777,0.7286477943194352,33.33333333333333,6,1.0
47187,Tennessee,Williamson County,37,0.0003458624392525703,0.07509251951371378,0.0,37,1.0
47189,Tennessee,Wilson County,21,0.1971701180845328,0.3316168663365868,19.047619047619047,21,1.0
48001,Texas,Anderson County,10,0.5017937114075441,0.6021754867026032,20.0,11,0.9090909090909091
48003,Texas,Andrews County,4,5.587365414442836e-05,0.17585055985471484,0.0,4,1.0
48005,Texas,Angelina County,17,0.4507222900691808,0.6051941983046439,23.52941176470588,17,1.0
48007,Texas,Aransas County,5,0.5102281806468869,0.5367457609836807,40.0,5,1.0
48009,Texas,Archer County,3,7.711274805554984e-05,0.2603852809115069,0.0,3,1.0
48011,Texas,Armstrong County,1,6.082232419032136e-05,0.24986838883024542,0.0,1,1.0
48013,Texas,Atascosa County,8,0.3542115357156402,0.46735769180802716,12.5,8,1.0
48015,Texas,Austin County,6,0.14044833870500714,0.29904327678113374,0.0,6,1.0
48017,Texas,Bailey County,1,0.8275192011093176,0.6006628083236631,0.0,1,1.0
48019,Texas,Bandera County,5,0.1671079283131298,0.509040558791226,20.0,5,1.0
48021,Texas,Bastrop County,10,0.40049897342324703,0.3504777851913874,30.0,10,1.0
48023,Texas,Baylor County,1,0.8662706421950952,0.6195219343947254,0.0,1,1.0
48025,Texas,Bee County,7,0.5216237513599771,0.6056031902942502,42.857142857142854,7,1.0
48027,Texas,Bell County,61,0.4259403972819906,0.5306210945473147,31.147540983606557,63,0.9682539682539683
48029,Texas,Bexar County,362,0.32123426548752565,0.4251606850996094,19.337016574585636,365,0.9917808219178083
48031,Texas,Blanco County,2,0.44542183062425217,0.43419765797641235,0.0,2,1.0
48033,Texas,Borden County,1,3.309121384274968e-05,0.07564946217775019,0.0,1,1.0
48035,Texas,Bosque County,7,0.44374583163289,0.5355506617076711,14.285714285714285,7,1.0
48037,Texas,Bowie County,18,0.36199532981018423,0.6169098083430129,11.11111111111111,18,1.0
48039,Texas,Brazoria County,50,0.1537315994881148,0.2861075137385734,8.0,50,1.0
48041,Texas,Brazos County,39,0.4083924896057212,0.47594071661538023,33.33333333333333,41,0.9512195121951219
48043,Texas,Brewster County,3,0.48530709119773335,0.47499170558158554,33.33333333333333,3,1.0
48045,Texas,Briscoe County,1,0.7258277855650566,0.5490289309917282,100.0,1,1.0
48047,Texas,Brooks County,2,0.7563663268267549,0.8771389014070949,50.0,2,1.0
48049,Texas,Brown County,12,0.3775427987975595,0.5508228258548694,41.66666666666667,12,1.0
48051,Texas,Burleson County,5,0.3271692950798073,0.42097776503249873,20.0,5,1.0
48053,Texas,Burnet County,8,0.0001566073211303994,0.3784182233148202,0.0,8,1.0
48055,Texas,Caldwell County,8,0.6826829998694914,0.4666958790014626,50.0,8,1.0
48057,Texas,Calhoun County,5,0.32318726135648157,0.4314408122147076,40.0,5,1.0
48059,Texas,Callahan County,3,0.00015734339903916426,0.5287127122689758,0.0,3,1.0
48061,Texas,Cameron County,84,0.6708475612217458,0.7446247961099908,36.904761904761905,85,0.9882352941176471
48063,Texas,Camp County,3,0.8183393252227381,0.6397336105224628,33.33333333333333,3,1.0
48065,Texas,Carson County,2,8.58905906973599e-05,0.19823746723011773,0.0,2,1.0
48067,Texas,Cass County,7,0.7481382995317638,0.6683156053723112,42.857142857142854,7,1.0
48069,Texas,Castro County,3,0.4483009370490465,0.4532677359661015,0.0,3,1.0
48071,Texas,Chambers County,5,0.30990384289257183,0.30014378545732645,0.0,5,1.0
48073,Texas,Cherokee County,12,0.46013024948559916,0.6528676514970907,33.33333333333333,12,1.0
48075,Texas,Childress County,2,0.41859734173118107,0.43816769889056517,50.0,2,1.0
48077,Texas,Clay County,3,0.00013154656411606982,0.47192373791389136,0.0,3,1.0
48079,Texas,Cochran County,1,0.7501681178622804,0.49110463388616826,100.0,1,1.0
48081,Texas,Coke County,2,0.35167072727374366,0.4781567554741719,50.0,2,1.0
48083,Texas,Coleman County,3,0.5539594673611937,0.5346820040227441,66.66666666666666,3,1.0
48085,Texas,Collin County,152,0.06886508087259255,0.10631833410208202,2.631578947368421,152,1.0
48087,Texas,Collingsworth County,1,0.7609542499348152,0.606531047046391,0.0,1,1.0
48089,Texas,Colorado County,5,0.3359936732395587,0.5029629258768121,40.0,5,1.0
48091,Texas,Comal County,24,0.12620892178591123,0.23669210913694602,12.5,24,1.0
48093,Texas,Comanche County,4,0.4103325647479751,0.542777483216845,25.0,4,1.0
48095,Texas,Concho County,1,6.219877018156352e-05,0.4490921336282335,0.0,1,1.0
48097,Texas,Cooke County,8,0.2773630310569982,0.4759327065308738,12.5,8,1.0
48099,Texas,Coryell County,17,0.37090318238695746,0.5309832245012212,35.294117647058826,19,0.8947368421052632
48101,Texas,Cottle County,1,0.7383970480651564,0.7707463902708642,100.0,1,1.0
48103,Texas,Crane County,1,5.4110974934503376e-05,0.2061039335093827,0.0,1,1.0
48105,Texas,Crockett County,1,0.7515293542096245,0.39082433591889226,0.0,1,1.0
48107,Texas,Crosby County,3,0.7240321641835891,0.6845228923157887,0.0,3,1.0
48109,Texas,Culberson County,1,0.7122493938162685,0.7590735016343155,0.0,1,1.0
48111,Texas,Dallam County,2,6.56022983725905e-05,0.3464982649977071,0.0,2,1.0
48113,Texas,Dallas County,526,0.38231506768884765,0.42776907210952975,17.300380228136884,528,0.9962121212121212
48115,Texas,Dawson County,4,0.5455642870008253,0.5149011641083571,50.0,4,1.0
48117,Texas,Deaf Smith County,4,0.14493267911687652,0.46670323692957777,25.0,4,1.0
48119,Texas,Delta County,2,0.3812023835389248,0.5979236536486142,0.0,2,1.0
48121,Texas,Denton County,137,0.14545333831680396,0.20559445658093778,5.839416058394161,137,1.0
48123,Texas,DeWitt County,5,0.1578291811146712,0.4073471489877871,0.0,5,1.0
48125,Texas,Dickens County,1,6.203654356257882e-05,0.5072706322784093,0.0,1,1.0
48127,Texas,Dimmit County,2,0.7354731578741583,0.8239179860216661,100.0,2,1.0
48129,Texas,Donley County,2,0.388233712905703,0.5554235729096554,0.0,2,1.0
48131,Texas,Duval County,3,0.7221241913711328,0.6663463222001592,33.33333333333333,3,1.0
48133,Texas,Eastland County,5,0.8248791960089263,0.7199575264382101,60.0,5,1.0
48135,Texas,Ector County,28,0.24969263316254067,0.36439098161309724,7.142857142857142,28,1.0
48137,Texas,Edwards County,1,5.597339508212538e-05,0.4870472690434452,0.0,1,1.0
48139,Texas,Ellis County,31,0.1564174407990506,0.2937891058080892,12.903225806451612,31,1.0
48141,Texas,El Paso County,160,0.5141054091468367,0.6276666864167271,25.0,161,0.9937888198757764
48143,Texas,Erath County,8,0.5062487366052572,0.4361091710506787,50.0,8,1.0
48145,Texas,Falls County,6,0.5120777520183822,0.6279701433075505,16.666666666666664,6,1.0
48147,Texas,Fannin County,9,0.17739481650638972,0.48032004765829117,22.22222222222222,9,1.0
48149,Texas,Fayette County,7,8.790022234941165e-05,0.3398300660915539,0.0,7,1.0
48151,Texas,Fisher County,2,0.37092467952691954,0.48344232669903836,0.0,2,1.0
48153,Texas,Floyd County,2,0.3857864205567905,0.571186464881646,50.0,2,1.0
48155,Texas,Foard County,1,0.7015464585970139,0.5111046435463018,100.0,1,1.0
48157,Texas,Fort Bend County,75,0.18288734487102226,0.2538834668878051,13.333333333333334,76,0.9868421052631579
48159,Texas,Franklin County,3,0.258156245012298,0.4731292717283739,33.33333333333333,3,1.0
48161,Texas,Freestone County,7,0.4304693673040267,0.5294846228104848,42.857142857142854,7,1.0
48163,Texas,Frio County,3,0.7339649050445588,0.7005334160125954,66.66666666666666,3,1.0
48165,Texas,Gaines County,3,9.763714003074328e-05,0.35991316915156957,0.0,3,1.0
48167,Texas,Galveston County,66,0.30566261573565356,0.3703659917254914,16.666666666666664,66,1.0
48169,Texas,Garza County,1,0.00013251331065968248,0.5311183917077117,0.0,1,1.0
48171,Texas,Gillespie County,5,0.00015490286353274005,0.402300717903452,0.0,5,1.0
48173,Texas,Glasscock County,1,4.2707954396402555e-05,0.2306353814527917,0.0,1,1.0
48175,Texas,Goliad County,2,7.016792167270411e-05,0.26753777670992307,0.0,2,1.0
48177,Texas,Gonzales County,6,0.12461835136767131,0.4758255629468919,16.666666666666664,6,1.0
48179,Texas,Gray County,7,0.41113868063789355,0.5307527032197211,28.57142857142857,7,1.0
48181,Texas,Grayson County,26,0.2680557121589636,0.4908796904920024,23.076923076923077,26,1.0
48183,Texas,Gregg County,24,0.40322271289601624,0.5529782518765146,37.5,25,0.96
48185,Texas,Grimes County,5,0.5155959415636191,0.5357572402090062,60.0,6,0.8333333333333334
48187,Texas,Guadalupe County,29,0.07418158937023042,0.2887326170139435,10.344827586206897,29,1.0
48189,Texas,Hale County,9,0.39331083192702515,0.5370077852407433,0.0,9,1.0
48191,Texas,Hall County,1,0.7982106024774264,0.7809704004975659,100.0,1,1.0
48193,Texas,Hamilton County,3,0.2815038358893719,0.4830433911520038,33.33333333333333,3,1.0
48195,Texas,Hansford County,2,0.735290769666462,0.6404265508265989,0.0,2,1.0
48197,Texas,Hardeman County,1,0.8278206346177277,0.598999566718708,100.0,1,1.0
48199,Texas,Hardin County,11,0.15696299375527942,0.39841066010379217,18.181818181818183,11,1.0
48201,Texas,Harris County,782,0.3601699501094353,0.43341180135175056,15.217391304347828,786,0.9949109414758269
48203,Texas,Harrison County,14,0.24059197431348806,0.5384174754133654,14.285714285714285,14,1.0
48205,Texas,Hartley County,1,0.00019808522663493003,0.47575049967781113,0.0,1,1.0
48207,Texas,Haskell County,2,0.7841731098634044,0.6081649970866632,50.0,2,1.0
48209,Texas,Hays County,24,0.2807090458504515,0.30069170413384444,4.166666666666666,25,0.96
48211,Texas,Hemphill County,1,8.557815082681988e-05,0.39345290887914974,0.0,1,1.0
48213,Texas,Henderson County,17,0.45197073429063195,0.6192686330421823,17.647058823529413,17,1.0
48215,Texas,Hidalgo County,111,0.700832785125541,0.7547852465046415,54.95495495495496,112,0.9910714285714286
48217,Texas,Hill County,11,0.41057486784286684,0.5756324709792234,0.0,11,1.0
48219,Texas,Hockley County,7,0.31050443921226195,0.47492696643070126,42.857142857142854,7,1.0
48221,Texas,Hood County,10,0.26919710616858894,0.40303168834483544,10.0,10,1.0
48223,Texas,Hopkins County,9,0.2816506467471365,0.5389016635506997,0.0,9,1.0
48225,Texas,Houston County,7,0.8203051615197019,0.7496455439421352,71.42857142857143,7,1.0
48227,Texas,Howard County,10,0.28957844274827804,0.4568357181577811,20.0,10,1.0
48229,Texas,Hudspeth County,1,0.7666451051357238,0.8549908127760841,100.0,1,1.0
48231,Texas,Hunt County,19,0.3852981951370044,0.463559142308078,21.052631578947366,19,1.0
48233,Texas,Hutchinson County,7,0.4142912699233294,0.5233104442178157,0.0,7,1.0
48235,Texas,Irion County,1,5.366830098748845e-05,0.25911898302547726,0.0,1,1.0
48237,Texas,Jack County,3,0.2541251760767031,0.40738609510902685,33.33333333333333,3,1.0
48239,Texas,Jackson County,3,0.24920065105947828,0.41217175893192354,33.33333333333333,3,1.0
48241,Texas,Jasper County,8,0.3126458567007967,0.5763392340077904,0.0,8,1.0
48243,Texas,Jeff Davis County,1,7.026800465996004e-05,0.3829987674792002,0.0,1,1.0
48245,Texas,Jefferson County,68,0.44029743946099903,0.5381734580412811,25.0,72,0.9444444444444444
48247,Texas,Jim Hogg County,2,0.6812179665592027,0.7030886581816431,50.0,2,1.0
48249,Texas,Jim Wells County,7,0.5271695671398795,0.5864500905951046,57.14285714285714,7,1.0
48251,Texas,Johnson County,28,0.32821940612552514,0.41308562785541614,10.714285714285714,28,1.0
48253,Texas,Jones County,5,0.28775954621814637,0.4560699604974813,20.0,6,0.8333333333333334
48255,Texas,Karnes County,4,0.5618197296441276,0.4448791032947418,50.0,4,1.0
48257,Texas,Kaufman County,18,0.36748583851279415,0.42093916955517147,22.22222222222222,18,1.0
48259,Texas,Kendall County,6,0.00013026859683022045,0.1496807348121317,0.0,6,1.0
48261,Texas,Kenedy County,1,0.6195015349102376,0.6465843481529391,100.0,1,1.0
48263,Texas,Kent County,1,4.074944039348065e-05,0.3852540002635967,0.0,1,1.0
48265,Texas,Kerr County,10,0.3474229272638765,0.5067703276865233,10.0,10,1.0
48267,Texas,Kimble County,2,0.3746918896201591,0.6031888610302578,0.0,2,1.0
48269,Texas,King County,1,3.5142210912638215e-05,0.31201070464807024,0.0,1,1.0
48271,Texas,Kinney County,1,0.8003910721745167,0.6115028164321288,100.0,1,1.0
48273,Texas,Kleberg County,5,0.41355477109377475,0.5782108948503579,60.0,5,1.0
48275,Texas,Knox County,2,5.9316803352592124e-05,0.4743944463560345,0.0,2,1.0
48277,Texas,Lamar County,12,0.6112859401126575,0.6070299706157039,50.0,12,1.0
48279,Texas,Lamb County,5,0.5783556188278494,0.5684078608606639,20.0,5,1.0
48281,Texas,Lampasas County,5,0.14045395213344472,0.35462731904725764,20.0,5,1.0
48283,Texas,La Salle County,1,0.7833304570377935,0.5932264001130186,100.0,1,1.0
48285,Texas,Lavaca County,6,0.11124813941924178,0.3724918818778143,16.666666666666664,6,1.0
48287,Texas,Lee County,4,0.21929463589065448,0.4806563807326071,25.0,4,1.0
48289,Texas,Leon County,3,0.602306205989791,0.549782099932243,66.66666666666666,3,1.0
48291,Texas,Liberty County,14,0.478833007682418,0.5579423287635947,28.57142857142857,14,1.0
48293,Texas,Limestone County,8,0.6843052839712187,0.6539738609111887,50.0,8,1.0
48295,Texas,Lipscomb County,2,4.883644645984157e-05,0.27800986695115415,0.0,2,1.0
48297,Texas,Live Oak County,4,0.17556226337819472,0.4919611770893776,0.0,4,1.0
48299,Texas,Llano County,6,0.292036916936748,0.4369147506699634,33.33333333333333,6,1.0
48301,Texas,Loving County,1,3.151008272673526e-05,0.07676973120221037,0.0,1,1.0
48303,Texas,Lubbock County,64,0.37384828737792763,0.4681537416683417,18.75,67,0.9552238805970149
48305,Texas,Lynn County,3,0.4746452946995849,0.55268752854061,33.33333333333333,3,1.0
48307,Texas,McCulloch County,3,0.27771086672856476,0.5155416356772077,33.33333333333333,3,1.0
48309,Texas,McLennan County,49,0.35727586714620596,0.5294521186887375,32.6530612244898,51,0.9607843137254902
48311,Texas,McMullen County,1,3.986599564924633e-05,0.26871082621476533,0.0,1,1.0
48313,Texas,Madison County,4,0.2034717351827736,0.49072324649445,25.0,4,1.0
48315,Texas,Marion County,4,0.6277741941061092,0.6861493265319987,25.0,4,1.0
48317,Texas,Martin County,2,0.33041859776548327,0.24852325190856972,50.0,2,1.0
48319,Texas,Mason County,2,0.3823374383683961,0.54713212735041,0.0,2,1.0
48321,Texas,Matagorda County,10,0.5444008001028249,0.5378116780843409,30.0,10,1.0
48323,Texas,Maverick County,9,0.7777530028806867,0.7796415874659921,55.55555555555556,9,1.0
48325,Texas,Medina County,8,9.674257677199368e-05,0.3176230460225319,0.0,8,1.0
48327,Texas,Menard County,1,5.50925946975012e-05,0.4737784396260558,0.0,1,1.0
48329,Texas,Midland County,26,0.19442743084473824,0.2052517570882521,19.230769230769234,26,1.0
48331,Texas,Milam County,7,0.3423769668525493,0.5315414964284495,28.57142857142857,7,1.0
48333,Texas,Mills County,2,0.3871531663015038,0.5354352558647294,0.0,2,1.0
48335,Texas,Mitchell County,2,9.393919662663449e-05,0.25663452001389386,0.0,2,1.0
48337,Texas,Montague County,6,0.2796191604568071,0.5506477402560176,16.666666666666664,6,1.0
48339,Texas,Montgomery County,59,0.2218871771670088,0.2975399531567719,8.47457627118644,59,1.0
48341,Texas,Moore County,4,0.3336844963546681,0.4698879019449458,25.0,4,1.0
48343,Texas,Morris County,3,0.5624098974983177,0.6952187129236972,0.0,3,1.0
48345,Texas,Motley County,1,5.0231873747264964e-05,0.4075405591379017,0.0,1,1.0
48347,Texas,Nacogdoches County,13,0.504081101004072,0.6359756634098896,23.076923076923077,13,1.0
48349,Texas,Navarro County,10,0.5798521333119022,0.574190554090126,20.0,10,1.0
48351,Texas,Newton County,4,0.8375656675803395,0.6894047150799406,100.0,4,1.0
48353,Texas,Nolan County,5,0.2749979244795887,0.4145677701856445,0.0,5,1.0
48355,Texas,Nueces County,79,0.32118317963828785,0.4266360972356228,20.253164556962027,81,0.9753086419753086
48357,Texas,Ochiltree County,3,0.2713558468066758,0.39092161679775095,0.0,3,1.0
48359,Texas,Oldham County,1,5.970159313162387e-05,0.2708879877513184,0.0,1,1.0
48361,Texas,Orange County,21,0.23117016409204144,0.45332098221694944,19.047619047619047,21,1.0
48363,Texas,Palo Pinto County,9,0.24034067272198983,0.5346041491445299,33.33333333333333,9,1.0
48365,Texas,Panola County,6,0.44760309412774174,0.5487675714525454,33.33333333333333,6,1.0
48367,Texas,Parker County,19,0.17386263600808358,0.2930577437407928,15.789473684210526,19,1.0
48369,Texas,Parmer County,2,0.36964855387067125,0.42691173834812535,50.0,2,1.0
48371,Texas,Pecos County,4,0.17606815246481,0.3903164628129082,25.0,4,1.0
48373,Texas,Polk County,10,0.43254005189291134,0.6238795289939713,10.0,10,1.0
48375,Texas,Potter County,33,0.4185859341172776,0.5793282429107,24.242424242424242,33,1.0
48377,Texas,Presidio County,2,0.7461203500073614,0.6803574087692011,50.0,2,1.0
48379,Texas,Rains County,2,0.4418024598547651,0.5138064124449504,0.0,2,1.0
48381,Texas,Randall County,29,0.12794570712672107,0.2622295821120339,6.896551724137931,29,1.0
48383,Texas,Reagan County,1,4.821430616145193e-05,0.24615651290113902,0.0,1,1.0
48385,Texas,Real County,1,0.8354771197822638,0.6785810400824999,100.0,1,1.0
48387,Texas,Red River County,4,0.6296927328444417,0.6335869524685873,75.0,4,1.0
48389,Texas,Reeves County,5,0.3948561493313711,0.4122875574924354,40.0,5,1.0
48391,Texas,Refugio County,2,0.39500214957093277,0.5230739912701621,50.0,2,1.0
48393,Texas,Roberts County,1,4.162295748442619e-05,0.20007305506751377,0.0,1,1.0
48395,Texas,Robertson County,5,0.30889385943397224,0.46700212829626386,20.0,5,1.0
48397,Texas,Rockwall County,11,0.0001558781089414947,0.09640570267673643,0.0,11,1.0
48399,Texas,Runnels County,4,0.3930403866723578,0.5791463259094384,50.0,4,1.0
48401,Texas,Rusk County,13,0.43933731700629164,0.5241713699859484,38.46153846153847,13,1.0
48403,Texas,Sabine County,3,0.865225127284805,0.73474335941173,33.33333333333333,3,1.0
48405,Texas,San Augustine County,3,0.8415486759620335,0.7359144038070999,66.66666666666666,3,1.0
48407,Texas,San Jacinto County,4,0.4599254994015333,0.7187189842316501,0.0,4,1.0
48409,Texas,San Patricio County,16,0.2154836465341482,0.4266414687242387,18.75,16,1.0
48411,Texas,San Saba County,2,0.3659533328814225,0.5304520044347928,0.0,2,1.0
48413,Texas,Schleicher County,1,6.179755108673266e-05,0.3494334999423431,0.0,1,1.0
48415,Texas,Scurry County,4,0.2003905456563935,0.3317797402902217,0.0,4,1.0
48417,Texas,Shackelford County,1,0.8198427054176878,0.5822705211375198,0.0,1,1.0
48419,Texas,Shelby County,6,0.7165050108264674,0.6991818770245389,33.33333333333333,6,1.0
48421,Texas,Sherman County,1,6.612265938043478e-05,0.3855534655723889,0.0,1,1.0
48423,Texas,Smith County,40,0.34818680499208277,0.528293930818045,15.0,41,0.975609756097561
48425,Texas,Somervell County,2,0.8300155124175275,0.6971438047593679,0.0,2,1.0
48427,Texas,Starr County,15,0.7599047523900064,0.8308316772058504,53.333333333333336,15,1.0
48429,Texas,Stephens County,3,0.5265659296023604,0.6310792975437822,33.33333333333333,3,1.0
48431,Texas,Sterling County,1,4.1932599631862926e-05,0.29004046448163,0.0,1,1.0
48433,Texas,Stonewall County,1,4.9747294916088075e-05,0.26527597918058105,0.0,1,1.0
48435,Texas,Sutton County,1,6.248823027248262e-05,0.3649035075248117,0.0,1,1.0
48437,Texas,Swisher County,3,0.5122682051130719,0.5751796320371437,33.33333333333333,3,1.0
48439,Texas,Tarrant County,355,0.3209773972623435,0.3895173598544264,18.30985915492958,357,0.9943977591036415
48441,Texas,Taylor County,35,0.4269579173161156,0.541641126840867,28.57142857142857,37,0.9459459459459459
48443,Texas,Terrell County,1,0.6511763476575401,0.5365500484184423,100.0,1,1.0
48445,Texas,Terry County,3,0.2512674212710977,0.6024931211813707,33.33333333333333,3,1.0
48447,Texas,Throckmorton County,1,6.159661343108864e-05,0.41031678840292507,0.0,1,1.0
48449,Texas,Titus County,8,0.6582892592006393,0.623849853101464,37.5,8,1.0
48451,Texas,Tom Green County,24,0.2689585630531166,0.44706497743652207,20.833333333333336,25,0.96
48453,Texas,Travis County,211,0.2709253118185744,0.24791197944236304,11.374407582938389,217,0.9723502304147466
48455,Texas,Trinity County,5,0.8028735275341103,0.6810859885265224,20.0,5,1.0
48457,Texas,Tyler County,5,0.3442302986988,0.5768883831484419,40.0,5,1.0
48459,Texas,Upshur County,7,0.26116574566292766,0.5390188898287845,28.57142857142857,7,1.0
48461,Texas,Upton County,2,0.33760083945665176,0.29390818303049876,0.0,2,1.0
48463,Texas,Uvalde County,5,0.6042069160570945,0.5849348324187551,80.0,5,1.0
48465,Texas,Val Verde County,9,0.49872379826266333,0.6153822317826437,44.44444444444444,10,0.9
48467,Texas,Van Zandt County,10,0.24670340929761597,0.5768717280409775,20.0,10,1.0
48469,Texas,Victoria County,22,0.31598162047906636,0.4327883794897092,18.181818181818183,22,1.0
48471,Texas,Walker County,10,0.5919705887587863,0.6054622220342126,40.0,10,1.0
48473,Texas,Waller County,5,0.18553303742414118,0.43757727281548897,20.0,6,0.8333333333333334
48475,Texas,Ward County,3,5.87844773886613e-05,0.28227597627137574,0.0,3,1.0
48477,Texas,Washington County,6,0.1349243752580421,0.4859116639348657,0.0,6,1.0
48479,Texas,Webb County,60,0.576762342902315,0.7081769335727308,18.333333333333332,61,0.9836065573770492
48481,Texas,Wharton County,11,0.4083197335093589,0.535971115860486,9.090909090909092,11,1.0
48483,Texas,Wheeler County,2,0.3902852590427951,0.5161121343568186,0.0,2,1.0
48485,Texas,Wichita County,36,0.3979662276186705,0.5480146030856508,25.0,36,1.0
48487,Texas,Wilbarger County,4,0.3592472737791232,0.5328913154159461,50.0,4,1.0
48489,Texas,Willacy County,5,0.7571632979464031,0.7902445280295269,60.0,5,1.0
48491,Texas,Williamson County,89,0.14877155650351132,0.1816367055016537,15.730337078651685,89,1.0
48493,Texas,Wilson County,11,7.680100874070689e-05,0.26928228982060065,0.0,11,1.0
48495,Texas,Winkler County,3,4.2841748421364297e-05,0.2973096835219032,0.0,3,1.0
48497,Texas,Wise County,11,0.3937838591922518,0.40754982177090854,18.181818181818183,11,1.0
48499,Texas,Wood County,10,0.4244711481267182,0.5951180034937751,30.0,10,1.0
48501,Texas,Yoakum County,2,4.922240107122286e-05,0.2375331864057333,0.0,2,1.0
48503,Texas,Young County,4,0.18644558914371964,0.5593925247530055,25.0,4,1.0
48505,Texas,Zapata County,3,0.7751467704309816,0.8491658227788585,66.66666666666666,3,1.0
48507,Texas,Zavala County,3,0.7063123911251944,0.8252629651258422,66.66666666666666,4,0.75
49001,Utah,Beaver County,2,8.383673244029201e-05,0.3671241130682743,0.0,2,1.0
49003,Utah,Box Elder County,11,0.28860349000759816,0.3631186038430161,9.090909090909092,11,1.0
49005,Utah,Cache County,26,0.2408374907291156,0.4127748601474864,3.8461538461538463,26,1.0
49007,Utah,Carbon County,5,0.3340071978719082,0.4827759789374054,20.0,5,1.0
49009,Utah,Daggett County,1,3.9609790712500345e-05,0.08293400094247311,0.0,1,1.0
49011,Utah,Davis County,54,0.16017758050331563,0.21791783883917284,3.7037037037037033,54,1.0
49013,Utah,Duchesne County,3,0.27816673002508324,0.4267394138714484,33.33333333333333,3,1.0
49015,Utah,Emery County,3,0.2679809057528348,0.4164262809384774,33.33333333333333,3,1.0
49017,Utah,Garfield County,2,0.39919047110512407,0.43366676539867677,0.0,2,1.0
49019,Utah,Grand County,2,0.4023439396141858,0.46456525526838444,0.0,2,1.0
49021,Utah,Iron County,8,0.6661875705193251,0.5227739928685783,37.5,8,1.0
49023,Utah,Juab County,2,0.00015441552991049087,0.36506641781054505,0.0,2,1.0
49025,Utah,Kane County,2,0.00012334321093679927,0.37649565740065527,0.0,2,1.0
49027,Utah,Millard County,3,0.00010269454962250974,0.3868793643670952,0.0,3,1.0
49029,Utah,Morgan County,2,0.00021866520657181428,0.11858432497386692,0.0,2,1.0
49031,Utah,Piute County,1,0.7521723397013597,0.6835855943659068,100.0,1,1.0
49033,Utah,Rich County,1,7.725052684068716e-05,0.43146689869476773,0.0,1,1.0
49035,Utah,Salt Lake County,210,0.2017608759692746,0.23914990966093994,6.190476190476191,211,0.995260663507109
49037,Utah,San Juan County,4,0.3381519501573644,0.5685494575996299,50.0,4,1.0
49039,Utah,Sanpete County,5,0.5215924229774137,0.5760426881284244,20.0,5,1.0
49041,Utah,Sevier County,5,0.5238317067106266,0.5218490180906895,0.0,5,1.0
49043,Utah,Summit County,12,5.5070645115214727e-05,0.070868786944677,0.0,13,0.9230769230769231
49045,Utah,Tooele County,10,0.31493368959996715,0.30185162152897516,30.0,10,1.0
49047,Utah,Uintah County,6,0.1482492458493793,0.3308762370530145,16.666666666666664,6,1.0
49049,Utah,Utah County,127,0.24311548014027876,0.30185525063763524,7.086614173228346,127,1.0
49051,Utah,Wasatch County,4,0.00013968067962047892,0.17927354069347182,0.0,4,1.0
49053,Utah,Washington County,21,0.3738184103361152,0.4794979827219463,23.809523809523807,21,1.0
49055,Utah,Wayne County,1,0.7860470767348994,0.4738484369076796,100.0,1,1.0
49057,Utah,Weber County,50,0.2505662078556379,0.36268644240118414,6.0,50,1.0
50001,Vermont,Addison County,10,9.62915312793053e-05,0.23075265892218888,0.0,10,1.0
50003,Vermont,Bennington County,12,0.19939636609264308,0.3464274333945969,8.333333333333332,12,1.0
50005,Vermont,Caledonia County,10,0.31262214680046185,0.4228457707040271,0.0,10,1.0
50007,Vermont,Chittenden County,33,0.20865337068423898,0.19543057274501496,0.0,34,0.9705882352941176
50009,Vermont,Essex County,3,0.7639550704720661,0.6338605779771429,33.33333333333333,3,1.0
50011,Vermont,Franklin County,10,0.2295414436460783,0.30099429140758016,0.0,10,1.0
50013,Vermont,Grand Isle County,2,9.098507263970908e-05,0.20149303515671105,0.0,2,1.0
50015,Vermont,Lamoille County,7,0.11135876560254276,0.3569021021011208,0.0,7,1.0
50017,Vermont,Orange County,10,0.15553298153971623,0.33338017597147834,10.0,10,1.0
50019,Vermont,Orleans County,10,0.5443113596515812,0.4951237983545571,20.0,10,1.0
50021,Vermont,Rutland County,20,0.11420477435331566,0.324068231309676,10.0,20,1.0
50023,Vermont,Washington County,19,0.12156121733021144,0.23044050725986268,15.789473684210526,19,1.0
50025,Vermont,Windham County,18,0.171251072745869,0.3475562086171583,5.555555555555555,18,1.0
50027,Vermont,Windsor County,18,0.12612058908569432,0.3275232566257925,5.555555555555555,18,1.0
51001,Virginia,Accomack County,8,0.8179088364839823,0.6010253722005556,12.5,9,0.8888888888888888
51003,Virginia,Albemarle County,21,0.13213140579151664,0.1837551722912555,4.761904761904762,22,0.9545454545454546
51005,Virginia,Alleghany County,6,0.5464781545837901,0.47408112015407516,16.666666666666664,6,1.0
51007,Virginia,Amelia County,2,0.00032802013510950577,0.4814326360205312,0.0,2,1.0
51009,Virginia,Amherst County,9,0.5327380162894653,0.5236070389931419,22.22222222222222,9,1.0
51011,Virginia,Appomattox County,3,0.6038535678254368,0.5147263590215116,0.0,3,1.0
51013,Virginia,Arlington County,57,0.0671306343284135,0.035424485306261994,0.0,59,0.9661016949152542
51015,Virginia,Augusta County,13,0.27303700812047593,0.4024278767394768,15.384615384615385,13,1.0
51017,Virginia,Bath County,1,0.9060152876690384,0.6408515234440397,100.0,1,1.0
51019,Virginia,Bedford County,17,0.4474195385605229,0.38522519459633164,5.88235294117647,17,1.0
51021,Virginia,Bland County,2,0.820819355430084,0.4186825141636552,50.0,2,1.0
51023,Virginia,Botetourt County,8,0.2996738324364551,0.24296333207854454,25.0,8,1.0
51025,Virginia,Brunswick County,4,0.6523230918058361,0.6629503166650569,25.0,5,0.8
51027,Virginia,Buchanan County,7,0.8398689630937924,0.7982666803915237,0.0,7,1.0
51029,Virginia,Buckingham County,4,0.8691972264020568,0.6412445086317743,50.0,4,1.0
51031,Virginia,Campbell County,12,0.6508341722903394,0.4871304420389164,16.666666666666664,12,1.0
51033,Virginia,Caroline County,7,0.3411472027699098,0.37959265841503814,0.0,7,1.0
51035,Virginia,Carroll County,7,0.8675759041568917,0.6401852931649775,14.285714285714285,7,1.0
51036,Virginia,Charles City County,3,0.2476240814343297,0.3443533860298323,0.0,3,1.0
51037,Virginia,Charlotte County,3,0.8601487571097559,0.683430355832956,100.0,3,1.0
51041,Virginia,Chesterfield County,71,0.16499480811640282,0.265181182842744,8.450704225352112,71,1.0
51043,Virginia,Clarke County,3,0.00013862835671467471,0.07657683244031603,0.0,3,1.0
51045,Virginia,Craig County,1,0.0001434672603837355,0.24101342694211045,0.0,1,1.0
51047,Virginia,Culpeper County,8,0.6255970785476889,0.26280481991474847,37.5,8,1.0
51049,Virginia,Cumberland County,2,0.8769314720811179,0.5593483685075197,100.0,2,1.0
51051,Virginia,Dickenson County,4,0.8385148154173945,0.7670040531545443,0.0,4,1.0
51053,Virginia,Dinwiddie County,6,0.7155615015926139,0.5342169584994026,33.33333333333333,6,1.0
51057,Virginia,Essex County,3,0.5780506358977633,0.5790402031272538,66.66666666666666,3,1.0
51059,Virginia,Fairfax County,255,0.0737893478468858,0.05104661305942023,1.1764705882352942,257,0.9922178988326849
51061,Virginia,Fauquier County,17,0.1339564501588487,0.07030265281198493,0.0,17,1.0
51063,Virginia,Floyd County,3,0.8867683423173162,0.5347258763418025,100.0,3,1.0
51065,Virginia,Fluvanna County,4,0.0002982199732769438,0.204547337950691,0.0,4,1.0
51067,Virginia,Franklin County,10,0.63659054087734,0.552282949349119,40.0,10,1.0
51069,Virginia,Frederick County,14,0.05675398022564704,0.21579552784080502,0.0,14,1.0
51071,Virginia,Giles County,4,0.8425192631924476,0.5177601574525008,0.0,4,1.0
51073,Virginia,Gloucester County,8,0.19685503036961813,0.2877116769765043,12.5,8,1.0
51075,Virginia,Goochland County,5,0.00014502393068966597,0.13719910397582188,0.0,5,1.0
51077,Virginia,Grayson County,5,0.8221356270589475,0.7129401486976616,40.0,5,1.0
51079,Virginia,Greene County,3,0.277423785135419,0.3875958292903443,0.0,3,1.0
51081,Virginia,Greensville County,2,0.8846039019251257,0.6676545181058349,0.0,3,0.6666666666666666
51083,Virginia,Halifax County,9,0.7581618290824843,0.5917871191164276,77.77777777777779,9,1.0
51085,Virginia,Hanover County,23,0.03551700510429473,0.12109982350129034,4.3478260869565215,23,1.0
51087,Virginia,Henrico County,63,0.28141302486504616,0.30970544410694045,11.11111111111111,63,1.0
51089,Virginia,Henry County,14,0.8515150792575003,0.745195871887593,42.857142857142854,14,1.0
51091,Virginia,Highland County,1,0.7550805426460384,0.5166445081569319,100.0,1,1.0
51093,Virginia,Isle of Wight County,8,0.09448450952169453,0.2807193850522649,0.0,8,1.0
51095,Virginia,James City County,11,0.14503437275080866,0.21693264709924628,9.090909090909092,11,1.0
51097,Virginia,King and Queen County,2,0.8449478582473078,0.5128181796054179,50.0,2,1.0
51099,Virginia,King George County,5,0.00012795047415393545,0.11409110635437111,0.0,5,1.0
51101,Virginia,King William County,4,0.18677499857799662,0.34233415979982873,0.0,4,1.0
51103,Virginia,Lancaster County,3,0.2869894376552457,0.40949281123063735,0.0,3,1.0
51105,Virginia,Lee County,6,0.8502611506175688,0.722235093895833,0.0,6,1.0
51107,Virginia,Loudoun County,64,0.06577693384689766,0.03893788223755009,1.5625,65,0.9846153846153847
51109,Virginia,Louisa County,6,0.29673232519511744,0.4257476254701729,0.0,6,1.0
51111,Virginia,Lunenburg County,3,0.8717488989087961,0.6818752310126556,0.0,3,1.0
51113,Virginia,Madison County,2,0.45639300156093066,0.5661065839207923,0.0,2,1.0
51115,Virginia,Mathews County,2,0.0001985110233367568,0.3948580377941607,0.0,2,1.0
51117,Virginia,Mecklenburg County,9,0.7435395998761448,0.5749336540983188,44.44444444444444,9,1.0
51119,Virginia,Middlesex County,4,0.6087160834737687,0.42765778049400793,0.0,4,1.0
51121,Virginia,Montgomery County,15,0.4304566191972626,0.3047689209638155,26.666666666666668,16,0.9375
51125,Virginia,Nelson County,3,0.30221068233945897,0.38298450151358554,33.33333333333333,3,1.0
51127,Virginia,New Kent County,3,0.00025911012570340564,0.17472072804488029,0.0,3,1.0
51131,Virginia,Northampton County,3,0.558877438303295,0.5556544118147496,0.0,3,1.0
51133,Virginia,Northumberland County,3,0.571463227713325,0.5073485635283446,0.0,3,1.0
51135,Virginia,Nottoway County,3,0.9056372730260794,0.7372087775721679,66.66666666666666,4,0.75
51137,Virginia,Orange County,5,0.15985712520598558,0.4281512565215225,20.0,5,1.0
51139,Virginia,Page County,5,0.8889561746449466,0.6155579373177569,0.0,5,1.0
51141,Virginia,Patrick County,4,0.891651435046843,0.6706893158392357,50.0,4,1.0
51143,Virginia,Pittsylvania County,16,0.8009900759894585,0.6356413077841658,37.5,16,1.0
51145,Virginia,Powhatan County,5,0.00023350830804091206,0.17085852684643354,0.0,5,1.0
51147,Virginia,Prince Edward County,4,0.6879805670620447,0.5399244430422228,50.0,5,0.8
51149,Virginia,Prince George County,7,0.36559584048523036,0.3419451465138148,42.857142857142854,7,1.0
51153,Virginia,Prince William County,82,0.22627352376725318,0.11222547569178921,12.195121951219512,82,1.0
51155,Virginia,Pulaski County,8,0.5366071150181145,0.47728888991799123,25.0,8,1.0
51157,Virginia,Rappahannock County,2,0.3837083099551535,0.19827537885705576,0.0,2,1.0
51159,Virginia,Richmond County,2,0.8710580665327152,0.6026554812996019,0.0,2,1.0
51161,Virginia,Roanoke County,18,0.17427011564383987,0.25402901946957823,0.0,18,1.0
51163,Virginia,Rockbridge County,4,0.6770043754020865,0.5809905389844068,75.0,4,1.0
51165,Virginia,Rockingham County,19,0.4094582804211367,0.3506700052680637,15.789473684210526,19,1.0
51167,Virginia,Russell County,7,0.7452128201742179,0.6605699137981603,0.0,7,1.0
51169,Virginia,Scott County,6,0.8487922120892256,0.6605839391549054,33.33333333333333,6,1.0
51171,Virginia,Shenandoah County,9,0.3883391560537121,0.36098401445130507,11.11111111111111,9,1.0
51173,Virginia,Smyth County,9,0.816227449853631,0.6356872953722876,11.11111111111111,9,1.0
51175,Virginia,Southampton County,4,0.6505168409788664,0.497807404975141,25.0,5,0.8
51177,Virginia,Spotsylvania County,30,0.3223344446691255,0.14765055500566257,13.333333333333334,30,1.0
51179,Virginia,Stafford County,26,0.12398560467923637,0.07414943483374661,7.6923076923076925,27,0.9629629629629629
51181,Virginia,Surry County,2,0.831095876567568,0.5180635993180039,100.0,2,1.0
51183,Virginia,Sussex County,4,0.5929265005403535,0.6077384957585553,25.0,5,0.8
51185,Virginia,Tazewell County,11,0.8374567819297272,0.6193004094799458,27.27272727272727,11,1.0
51187,Virginia,Warren County,8,0.7331932335156374,0.29739498981528745,37.5,8,1.0
51191,Virginia,Washington County,13,0.7306662017772584,0.5263524793691066,15.384615384615385,13,1.0
51193,Virginia,Westmoreland County,4,0.4300063342151357,0.4292486097011987,0.0,4,1.0
51195,Virginia,Wise County,11,0.8224159153587103,0.7002981790522681,27.27272727272727,11,1.0
51197,Virginia,Wythe County,6,0.8620892460608881,0.5372597235644768,16.666666666666664,6,1.0
51199,Virginia,York County,14,0.1139706764361105,0.1377941149141822,0.0,14,1.0
51510,Virginia,Alexandria city,38,0.1750713783227363,0.11220338865130432,0.0,38,1.0
51520,Virginia,Bristol city,4,0.8342971166997893,0.6893306707991496,75.0,4,1.0
51530,Virginia,Buena Vista city,1,0.9404775115571238,0.8079738018764071,100.0,1,1.0
51540,Virginia,Charlottesville city,11,0.23647900256017007,0.28036605040818263,9.090909090909092,12,0.9166666666666666
51550,Virginia,Chesapeake city,41,0.23894331182977577,0.3083342356262464,19.51219512195122,41,1.0
51570,Virginia,Colonial Heights city,5,0.47432871596117626,0.4254985598285244,20.0,5,1.0
51580,Virginia,Covington city,2,0.7969117151097282,0.579088749571773,50.0,2,1.0
51590,Virginia,Danville city,15,0.6953976445968768,0.670354049602962,26.666666666666668,16,0.9375
51595,Virginia,Emporia city,2,0.7695530607970047,0.7447583757356666,0.0,2,1.0
51600,Virginia,Fairfax city,5,3.54849533033312e-05,0.01143094125032786,0.0,5,1.0
51610,Virginia,Falls Church city,3,3.9775668561036486e-05,0.0019887435666810266,0.0,3,1.0
51620,Virginia,Franklin city,2,0.8605961565714902,0.6917302251363089,100.0,2,1.0
51630,Virginia,Fredericksburg city,5,0.6127991619612896,0.20674207225528338,40.0,6,0.8333333333333334
51640,Virginia,Galax city,2,0.7843180759843327,0.7203047079158429,0.0,2,1.0
51650,Virginia,Hampton city,33,0.5032392835202824,0.4941463503470941,21.21212121212121,33,1.0
51660,Virginia,Harrisonburg city,11,0.5476391105332515,0.44573348907236066,18.181818181818183,11,1.0
51670,Virginia,Hopewell city,6,0.667582490089655,0.7087354639946399,50.0,6,1.0
51678,Virginia,Lexington city,1,0.9009042264407512,0.45656273026462496,0.0,1,1.0
51680,Virginia,Lynchburg city,19,0.6134726599274319,0.5842604346328517,31.57894736842105,19,1.0
51683,Virginia,Manassas city,7,0.5313804693129123,0.20581826986860147,14.285714285714285,7,1.0
51685,Virginia,Manassas Park city,2,0.3494274735010998,0.1719437338715272,50.0,2,1.0
51690,Virginia,Martinsville city,5,0.6243010520950958,0.7100075435477317,40.0,5,1.0
51700,Virginia,Newport News city,43,0.5445347351244222,0.49332726934588506,23.25581395348837,44,0.9772727272727273
51710,Virginia,Norfolk city,77,0.49651336230963206,0.458315853897293,20.77922077922078,79,0.9746835443037974
51720,Virginia,Norton city,1,0.8308423605226326,0.822114779169688,100.0,1,1.0
51730,Virginia,Petersburg city,11,0.7465007050725855,0.729631100005017,81.81818181818183,11,1.0
51735,Virginia,Poquoson city,3,8.513603253626903e-05,0.05004623361779731,0.0,3,1.0
51740,Virginia,Portsmouth city,30,0.49605641195828337,0.5290495806011877,13.333333333333334,31,0.967741935483871
51750,Virginia,Radford city,3,0.8653827050130728,0.4891524664041462,100.0,3,1.0
51760,Virginia,Richmond city,64,0.4160400376645663,0.42504761495381627,18.75,66,0.9696969696969697
51770,Virginia,Roanoke city,23,0.6220647110382387,0.5329960406406637,43.47826086956522,23,1.0
51775,Virginia,Salem city,5,0.1776673500217979,0.2834501279761296,0.0,5,1.0
51790,Virginia,Staunton city,6,0.5478161066519244,0.43540161306981523,0.0,6,1.0
51800,Virginia,Suffolk city,28,0.25310088602714237,0.2920331470493362,14.285714285714285,28,1.0
51810,Virginia,Virginia Beach city,98,0.22698261714221007,0.24976545003195683,7.142857142857142,99,0.98989898989899
51820,Virginia,Waynesboro city,5,0.4689592817276713,0.548191396655432,20.0,5,1.0
51830,Virginia,Williamsburg city,3,0.7753639950104687,0.3285066671464307,66.66666666666666,3,1.0
51840,Virginia,Winchester city,5,0.31941647473055496,0.35112509782334334,0.0,5,1.0
53001,Washington,Adams County,5,0.5432602178534591,0.5046070774211,40.0,5,1.0
53003,Washington,Asotin County,6,0.4008366999058341,0.5341771367859645,0.0,6,1.0
53005,Washington,Benton County,36,0.33314304976788606,0.344248127893315,13.88888888888889,37,0.972972972972973
53007,Washington,Chelan County,14,0.32542767757142904,0.3481665017185391,21.428571428571427,14,1.0
53009,Washington,Clallam County,21,0.3210114832674541,0.461126862037669,14.285714285714285,21,1.0
53011,Washington,Clark County,104,0.21819388406724563,0.284979805818495,3.8461538461538463,104,1.0
53013,Washington,Columbia County,1,9.742902010505005e-05,0.35825897265351997,0.0,1,1.0
53015,Washington,Cowlitz County,24,0.44383387491639675,0.54511303046683,16.666666666666664,24,1.0
53017,Washington,Douglas County,8,0.3999351452838696,0.43394022975343227,25.0,8,1.0
53019,Washington,Ferry County,3,0.7748629129656135,0.6445553577964295,66.66666666666666,3,1.0
53021,Washington,Franklin County,12,0.32574279769863057,0.43071377498417435,16.666666666666664,12,1.0
53023,Washington,Garfield County,1,0.7781830630266602,0.45254856727992365,0.0,1,1.0
53025,Washington,Grant County,16,0.43687488830463933,0.46506539314705403,43.75,16,1.0
53027,Washington,Grays Harbor County,16,0.6576985052153401,0.5730578470486682,31.25,16,1.0
53029,Washington,Island County,21,0.16449513726415935,0.31352665228181664,9.523809523809524,21,1.0
53031,Washington,Jefferson County,7,0.708834901374659,0.5240181348914311,57.14285714285714,7,1.0
53033,Washington,King County,396,0.13597187454272575,0.11856484836822637,5.555555555555555,397,0.9974811083123426
53035,Washington,Kitsap County,53,0.19035001351563338,0.255431710171275,11.320754716981133,54,0.9814814814814815
53037,Washington,Kittitas County,8,0.5343192579256928,0.4378841869716972,50.0,8,1.0
53039,Washington,Klickitat County,3,0.6130130180827076,0.6217349002272634,33.33333333333333,3,1.0
53041,Washington,Lewis County,20,0.45709114636940756,0.5120923583656201,15.0,20,1.0
53043,Washington,Lincoln County,4,0.5978217155059221,0.4814641436399908,50.0,4,1.0
53045,Washington,Mason County,14,0.4587275449989501,0.526000961694728,28.57142857142857,14,1.0
53047,Washington,Okanogan County,10,0.7416643094395597,0.6496790408611346,20.0,10,1.0
53049,Washington,Pacific County,7,0.6973317339847634,0.5801735306874527,28.57142857142857,7,1.0
53051,Washington,Pend Oreille County,5,0.7900580241445307,0.5711505168249371,40.0,5,1.0
53053,Washington,Pierce County,171,0.3476086280210704,0.2922471932084021,19.883040935672515,172,0.9941860465116279
53055,Washington,San Juan County,4,0.17745854265311078,0.3327615307873323,0.0,4,1.0
53057,Washington,Skagit County,29,0.23267077334284872,0.35981617189253706,13.793103448275861,29,1.0
53059,Washington,Skamania County,5,0.558383665251691,0.3888978796457073,20.0,5,1.0
53061,Washington,Snohomish County,149,0.1676972771016356,0.1629017489278906,6.0402684563758395,149,1.0
53063,Washington,Spokane County,105,0.3804334807452641,0.4343920156330624,11.428571428571429,105,1.0
53065,Washington,Stevens County,12,0.6762161656090533,0.5771701234984764,41.66666666666667,12,1.0
53067,Washington,Thurston County,49,0.17354014300998002,0.28343452627802396,6.122448979591836,49,1.0
53069,Washington,Wahkiakum County,1,0.8922011711082166,0.5741991882369822,100.0,1,1.0
53071,Washington,Walla Walla County,11,0.4004951204991629,0.39638272658787144,9.090909090909092,12,0.9166666666666666
53073,Washington,Whatcom County,33,0.25670436857667256,0.3444761361715141,9.090909090909092,34,0.9705882352941176
53075,Washington,Whitman County,10,0.2766208473983371,0.4279946068755508,20.0,10,1.0
53077,Washington,Yakima County,45,0.48604424944203695,0.5653266555761631,13.333333333333334,45,1.0
54001,West Virginia,Barbour County,4,0.619656743388616,0.6859012731510119,25.0,4,1.0
54003,West Virginia,Berkeley County,14,0.17488712889424704,0.49293623118498736,0.0,14,1.0
54005,West Virginia,Boone County,8,0.5095459055797842,0.6546435623010232,0.0,8,1.0
54007,West Virginia,Braxton County,3,0.2887496897754571,0.6891683156495002,33.33333333333333,3,1.0
54009,West Virginia,Brooke County,6,0.1308850861024395,0.47306219240649244,16.666666666666664,6,1.0
54011,West Virginia,Cabell County,28,0.35637835471854734,0.6109004334598447,3.571428571428571,29,0.9655172413793104
54013,West Virginia,Calhoun County,2,0.44639323264890296,0.7283901571681838,50.0,2,1.0
54015,West Virginia,Clay County,3,0.5524829212089649,0.7822423831613898,33.33333333333333,3,1.0
54017,West Virginia,Doddridge County,2,0.4358159563573985,0.5503854010114002,0.0,2,1.0
54019,West Virginia,Fayette County,12,0.41067818706293674,0.6743605064993786,16.666666666666664,12,1.0
54021,West Virginia,Gilmer County,2,0.3777754445576631,0.6551106266986667,50.0,2,1.0
54023,West Virginia,Grant County,3,0.2649329376262138,0.5575700960746716,0.0,3,1.0
54025,West Virginia,Greenbrier County,7,0.374975249280231,0.6573016266466648,14.285714285714285,7,1.0
54027,West Virginia,Hampshire County,5,0.6950277081851437,0.6976882289730785,20.0,5,1.0
54029,West Virginia,Hancock County,8,0.19321767279188953,0.5134527279239265,12.5,8,1.0
54031,West Virginia,Hardy County,3,0.0001467399783482072,0.5769681901003388,0.0,3,1.0
54033,West Virginia,Harrison County,22,0.2833868095123992,0.44958704944130184,13.636363636363635,22,1.0
54035,West Virginia,Jackson County,6,0.27518792148176846,0.5471950061862941,16.666666666666664,6,1.0
54037,West Virginia,Jefferson County,14,0.45377211354772756,0.2500703036572121,14.285714285714285,15,0.9333333333333333
54039,West Virginia,Kanawha County,52,0.29995887182987685,0.5072352677515173,15.384615384615385,53,0.9811320754716981
54041,West Virginia,Lewis County,5,0.6446538364182425,0.7050975685164841,20.0,5,1.0
54043,West Virginia,Lincoln County,5,0.6610041666216419,0.7320650647884273,0.0,5,1.0
54045,West Virginia,Logan County,9,0.5414464843763471,0.7243830037160146,11.11111111111111,9,1.0
54047,West Virginia,McDowell County,8,0.811047912817143,0.8497300138727636,0.0,8,1.0
54049,West Virginia,Marion County,18,0.21117078506221107,0.5567570593376315,0.0,18,1.0
54051,West Virginia,Marshall County,9,0.24626766112241066,0.5649706155626523,11.11111111111111,9,1.0
54053,West Virginia,Mason County,6,0.27160045874062994,0.6287920254543063,0.0,6,1.0
54055,West Virginia,Mercer County,16,0.40345258562752906,0.6825560977524872,18.75,16,1.0
54057,West Virginia,Mineral County,7,0.21251716331965761,0.51214671286437,14.285714285714285,7,1.0
54059,West Virginia,Mingo County,7,0.7056394178149958,0.7870939457353306,14.285714285714285,7,1.0
54061,West Virginia,Monongalia County,23,0.3314008627059561,0.3509456802003331,17.391304347826086,24,0.9583333333333334
54063,West Virginia,Monroe County,3,0.2995668045061774,0.6886799839400566,33.33333333333333,3,1.0
54065,West Virginia,Morgan County,4,0.20496781441250964,0.5882709249867641,25.0,4,1.0
54067,West Virginia,Nicholas County,7,0.46267825039995136,0.6861899855520494,14.285714285714285,7,1.0
54069,West Virginia,Ohio County,18,0.20738756353440227,0.43369407304805074,5.555555555555555,18,1.0
54071,West Virginia,Pendleton County,3,0.00010077124736614524,0.6486776329779806,0.0,3,1.0
54073,West Virginia,Pleasants County,2,0.00011688092434262857,0.5087612915012093,0.0,2,1.0
54075,West Virginia,Pocahontas County,4,0.37822813289515067,0.5858803497937117,50.0,4,1.0
54077,West Virginia,Preston County,8,0.330250398661313,0.5600199948525614,37.5,8,1.0
54079,West Virginia,Putnam County,10,0.00021034595097936076,0.3922839352085997,0.0,10,1.0
54081,West Virginia,Raleigh County,17,0.4984720364971185,0.6440612102275701,41.17647058823529,17,1.0
54083,West Virginia,Randolph County,7,0.4834921298813755,0.6167467870347833,14.285714285714285,7,1.0
54085,West Virginia,Ritchie County,3,0.00011911690902930118,0.6130836436867925,0.0,3,1.0
54087,West Virginia,Roane County,4,0.6402386954720041,0.736984489715851,75.0,4,1.0
54089,West Virginia,Summers County,4,0.6609387039408395,0.7537695174979747,25.0,4,1.0
54091,West Virginia,Taylor County,4,0.22541733835800828,0.568711085990693,0.0,4,1.0
54093,West Virginia,Tucker County,3,7.249503291272994e-05,0.4819564434155888,0.0,3,1.0
54095,West Virginia,Tyler County,3,0.2553374905549325,0.5742725182714024,0.0,3,1.0
54097,West Virginia,Upshur County,6,0.5712699025686127,0.63336443367253,16.666666666666664,6,1.0
54099,West Virginia,Wayne County,11,0.37190685945499397,0.6316495600503271,9.090909090909092,11,1.0
54101,West Virginia,Webster County,3,0.774880121422505,0.7267966042008981,0.0,3,1.0
54103,West Virginia,Wetzel County,5,0.6795701359454996,0.5844032533302806,60.0,5,1.0
54105,West Virginia,Wirt County,2,0.414211575610844,0.667211435143203,0.0,2,1.0
54107,West Virginia,Wood County,26,0.31503618095075936,0.5230579764367487,7.6923076923076925,26,1.0
54109,West Virginia,Wyoming County,6,0.6920401586409071,0.7132663923613665,0.0,6,1.0
55001,Wisconsin,Adams County,7,0.7080949637054694,0.644363908802748,14.285714285714285,7,1.0
55003,Wisconsin,Ashland County,7,0.40795446497945237,0.4728576613564427,28.57142857142857,7,1.0
55005,Wisconsin,Barron County,10,0.09177017815391823,0.5028231908776075,0.0,10,1.0
55007,Wisconsin,Bayfield County,5,0.14624024662033136,0.45882429868071917,0.0,5,1.0
55009,Wisconsin,Brown County,53,0.2420491310858267,0.3541022737050869,7.547169811320755,54,0.9814814814814815
55011,Wisconsin,Buffalo County,5,0.1484810569560467,0.3576037281566113,0.0,5,1.0
55013,Wisconsin,Burnett County,6,0.5438204067563097,0.5131332641148315,16.666666666666664,6,1.0
55015,Wisconsin,Calumet County,11,0.2104388268919813,0.23265513929882287,27.27272727272727,11,1.0
55017,Wisconsin,Chippewa County,11,0.15700353305606274,0.4328299592457557,9.090909090909092,11,1.0
55019,Wisconsin,Clark County,8,0.1005973122103324,0.4009445378666122,12.5,8,1.0
55021,Wisconsin,Columbia County,12,0.14266141740113755,0.2831943489093956,0.0,12,1.0
55023,Wisconsin,Crawford County,6,0.25739928488233144,0.45022615558415247,16.666666666666664,6,1.0
55025,Wisconsin,Dane County,101,0.18559034068481073,0.20006209333607505,8.91089108910891,105,0.9619047619047619
55027,Wisconsin,Dodge County,20,0.0729732940318346,0.35010126867537467,0.0,20,1.0
55029,Wisconsin,Door County,9,9.746470371270738e-05,0.32815641676882623,0.0,9,1.0
55031,Wisconsin,Douglas County,12,0.23524091610882217,0.4389869335138063,16.666666666666664,12,1.0
55033,Wisconsin,Dunn County,8,0.10799967727739046,0.42631688446940685,0.0,8,1.0
55035,Wisconsin,Eau Claire County,20,0.27580024509202206,0.3352834020735532,15.0,20,1.0
55037,Wisconsin,Florence County,2,0.37782262302571873,0.47638403962400644,0.0,2,1.0
55039,Wisconsin,Fond du Lac County,20,0.18998484489955994,0.33435761787130625,15.0,20,1.0
55041,Wisconsin,Forest County,4,0.5809006225756894,0.5790771942797814,50.0,4,1.0
55043,Wisconsin,Grant County,12,0.2831980822581734,0.4118144201700436,25.0,12,1.0
55045,Wisconsin,Green County,8,0.30847596923117815,0.3157290063943773,37.5,8,1.0
55047,Wisconsin,Green Lake County,6,8.253963368272999e-05,0.35391057207891524,0.0,6,1.0
55049,Wisconsin,Iowa County,6,0.2683491812255752,0.29350810264775384,0.0,6,1.0
55051,Wisconsin,Iron County,3,0.5124329704193002,0.544587012639688,0.0,3,1.0
55053,Wisconsin,Jackson County,5,0.16718949196060282,0.4335815120776053,20.0,5,1.0
55055,Wisconsin,Jefferson County,20,0.0371745971264225,0.3030159170602147,0.0,20,1.0
55057,Wisconsin,Juneau County,7,0.24997055988157174,0.5305687383732431,28.57142857142857,7,1.0
55059,Wisconsin,Kenosha County,35,0.3248786229924645,0.38721662335458645,22.857142857142858,35,1.0
55061,Wisconsin,Kewaunee County,4,0.0002041349233751018,0.3015931152632783,0.0,4,1.0
55063,Wisconsin,La Crosse County,25,0.17612419015973926,0.3476881994887786,8.0,25,1.0
55065,Wisconsin,Lafayette County,5,9.000808795306718e-05,0.3606506804664857,0.0,5,1.0
55067,Wisconsin,Langlade County,6,0.4116589492814821,0.5179014179552233,50.0,6,1.0
55069,Wisconsin,Lincoln County,10,0.07563213346016155,0.3228979043360193,0.0,10,1.0
55071,Wisconsin,Manitowoc County,19,0.2813158852995777,0.40448369429741843,21.052631578947366,19,1.0
55073,Wisconsin,Marathon County,27,0.2101351842980027,0.37431222516226276,11.11111111111111,27,1.0
55075,Wisconsin,Marinette County,12,0.5453038984149944,0.5268621146306725,33.33333333333333,12,1.0
55077,Wisconsin,Marquette County,5,0.3285793438419803,0.5175195669764291,0.0,5,1.0
55078,Wisconsin,Menominee County,2,0.6657485213383971,0.6955688561121314,50.0,2,1.0
55079,Wisconsin,Milwaukee County,294,0.4038951427763365,0.49568004014439115,2.380952380952381,296,0.9932432432432432
55081,Wisconsin,Monroe County,9,0.2709311711848589,0.37228248027062466,33.33333333333333,9,1.0
55083,Wisconsin,Oconto County,10,0.4066626311942086,0.4489677165120063,20.0,10,1.0
55085,Wisconsin,Oneida County,14,0.17336962037738282,0.34614479613068044,7.142857142857142,14,1.0
55087,Wisconsin,Outagamie County,40,0.18475872694616313,0.3065484216235955,7.5,40,1.0
55089,Wisconsin,Ozaukee County,18,0.0001252090975375853,0.1183940162457085,0.0,18,1.0
55091,Wisconsin,Pepin County,2,0.00010642604128244006,0.37157740139881257,0.0,2,1.0
55093,Wisconsin,Pierce County,8,0.3115265226983269,0.21489278853297017,25.0,8,1.0
55095,Wisconsin,Polk County,10,0.08499730522079754,0.4287503150988747,0.0,10,1.0
55097,Wisconsin,Portage County,14,0.22644501090293417,0.331054328719311,0.0,14,1.0
55099,Wisconsin,Price County,6,0.5084860485508838,0.4912879698417926,33.33333333333333,6,1.0
55101,Wisconsin,Racine County,42,0.23418537481712676,0.3742152410983916,7.142857142857142,44,0.9545454545454546
55103,Wisconsin,Richland County,5,0.31409752342084424,0.49765637903201243,40.0,5,1.0
55105,Wisconsin,Rock County,37,0.37039815595190345,0.46743028688246074,32.432432432432435,38,0.9736842105263158
55107,Wisconsin,Rusk County,5,0.6522539804096736,0.57271891717871,80.0,5,1.0
55109,Wisconsin,St. Croix County,14,0.1274664795263289,0.14561214930320773,0.0,14,1.0
55111,Wisconsin,Sauk County,13,0.12231922707068128,0.37447593341953156,7.6923076923076925,13,1.0
55113,Wisconsin,Sawyer County,6,0.5076096793144083,0.575009792743844,33.33333333333333,6,1.0
55115,Wisconsin,Shawano County,11,0.22985679600559222,0.40019631041313825,27.27272727272727,11,1.0
55117,Wisconsin,Sheboygan County,26,0.10287782835909685,0.30369666014577573,0.0,26,1.0
55119,Wisconsin,Taylor County,6,0.1264102410903218,0.45379727235313644,16.666666666666664,6,1.0
55121,Wisconsin,Trempealeau County,8,9.173044168419653e-05,0.3344642924499128,0.0,8,1.0
55123,Wisconsin,Vernon County,7,0.32941468708575333,0.4128044603083348,28.57142857142857,7,1.0
55125,Wisconsin,Vilas County,5,0.5151907827328224,0.6308841345661774,0.0,5,1.0
55127,Wisconsin,Walworth County,22,0.13891552351240485,0.3517476217180988,9.090909090909092,22,1.0
55129,Wisconsin,Washburn County,5,0.15784631333269306,0.49440866467269196,0.0,5,1.0
55131,Wisconsin,Washington County,28,0.00012549232480389973,0.18498305853545713,0.0,28,1.0
55133,Wisconsin,Waukesha County,86,0.03783149793395324,0.11081270287662147,4.651162790697675,86,1.0
55135,Wisconsin,Waupaca County,12,0.0746540310439641,0.3658008224764658,8.333333333333332,12,1.0
55137,Wisconsin,Waushara County,7,0.2377004125844479,0.4491989750130155,14.285714285714285,7,1.0
55139,Wisconsin,Winnebago County,41,0.20009296340752655,0.3633561179275323,12.195121951219512,41,1.0
55141,Wisconsin,Wood County,17,0.20273400460954458,0.4250634012882254,11.76470588235294,17,1.0
56001,Wyoming,Albany County,10,0.46063155579264503,0.4333320651420185,20.0,10,1.0
56003,Wyoming,Big Horn County,3,0.00013094497723785677,0.42840821272623514,0.0,3,1.0
56005,Wyoming,Campbell County,7,0.11397075528740187,0.2553619422390666,14.285714285714285,7,1.0
56007,Wyoming,Carbon County,5,0.2931678126541951,0.3123529421047127,40.0,5,1.0
56009,Wyoming,Converse County,4,9.304347596493544e-05,0.23596666967572932,0.0,4,1.0
56011,Wyoming,Crook County,2,9.748931550767992e-05,0.28899319789216854,0.0,2,1.0
56013,Wyoming,Fremont County,10,0.3159110815002296,0.3779159153756272,0.0,10,1.0
56015,Wyoming,Goshen County,4,0.2272969524264235,0.40402526944519934,0.0,4,1.0
56017,Wyoming,Hot Springs County,2,8.144771890190634e-05,0.3600372883558226,0.0,2,1.0
56019,Wyoming,Johnson County,2,7.304896246971483e-05,0.16551751405588305,0.0,2,1.0
56021,Wyoming,Laramie County,20,0.15074225078694592,0.2890579583695547,20.0,20,1.0
56023,Wyoming,Lincoln County,4,0.00014026682429424262,0.2806206317514414,0.0,4,1.0
56025,Wyoming,Natrona County,18,0.2142093054656006,0.30678231606345746,5.555555555555555,18,1.0
56027,Wyoming,Niobrara County,1,0.7976903902925405,0.6659496103876874,100.0,1,1.0
56029,Wyoming,Park County,5,0.00019194354427612637,0.3191070382208482,0.0,5,1.0
56031,Wyoming,Platte County,2,0.3798923960389969,0.4646072072555675,50.0,2,1.0
56033,Wyoming,Sheridan County,6,0.000140238779681994,0.2404027283184731,0.0,6,1.0
56035,Wyoming,Sublette County,2,0.0001357695271725369,0.16080332926119806,0.0,2,1.0
56037,Wyoming,Sweetwater County,12,0.13394096903522865,0.19785782581043143,0.0,12,1.0
56039,Wyoming,Teton County,4,0.00010092233696689936,0.0568890182792691,0.0,4,1.0
56041,Wyoming,Uinta County,3,0.29713651821983256,0.4020638009906598,0.0,3,1.0
56043,Wyoming,Washakie County,3,7.077372094898235e-05,0.3532688035739842,0.0,3,1.0
56045,Wyoming,Weston County,2,0.00011016598879343563,0.31902220616018817,0.0,2,1.0
